record_id,q_idx,n_premises_used,query,premises,options,answer,answer_label,explanation,premises_fol,premises_used,reasoning,_target_split
SYN_larkspur_b_UNC_MISSING,0,4,Do the premises establish that the Larkspur Bridge is traffic-approved?,"[""If a bridge has a current load rating and a passed deck inspection, then it is service-cleared."", ""If a bridge is service-cleared and has a seismic retrofit, then it is traffic-approved."", ""The Larkspur Bridge has a current load rating."", ""The Larkspur Bridge has a passed deck inspection."", ""The Larkspur Bridge has a painted railing.""]","[""Yes"", ""No"", ""Uncertain""]",Uncertain,Uncertain,"By premise 2 (the Larkspur Bridge has a current load rating) and premise 3 (the Larkspur Bridge has a passed deck inspection), premise 0 gives that the Larkspur Bridge is service-cleared. Premise 1 makes being traffic-approved also require a seismic retrofit, but no premise states whether the Larkspur Bridge has a seismic retrofit, so it is unknown. Therefore being traffic-approved can be neither proven nor disproven; the answer is Uncertain.","[""∀x ((current_load_rating(x) ∧ passed_deck_inspection(x)) → service_cleared(x))"", ""∀x ((service_cleared(x) ∧ seismic_retrofit(x)) → traffic_approved(x))"", ""current_load_rating(larkspur_bridge)"", ""passed_deck_inspection(larkspur_bridge)"", ""painted_railing(larkspur_bridge)""]","[0, 1, 2, 3]","{""type"": ""fol"", ""steps"": [""Rule: ∀x ((current_load_rating(x) ∧ passed_deck_inspection(x)) → service_cleared(x))"", ""Rule: ∀x ((service_cleared(x) ∧ seismic_retrofit(x)) → traffic_approved(x))"", ""Fact: current_load_rating(larkspur_bridge)"", ""Fact: passed_deck_inspection(larkspur_bridge)"", ""Derive: current_load_rating(larkspur_bridge) ∧ passed_deck_inspection(larkspur_bridge) ⟹ service_cleared(larkspur_bridge) [modus ponens]"", ""Derive: seismic_retrofit(larkspur_bridge) is not asserted by any premise ⟹ Unknown"", ""Conclusion: traffic_approved(larkspur_bridge) can be neither proven nor refuted ⟹ Uncertain""]}",train
SYN_larkspur_b_UNC_EPIST,0,1,Does the Larkspur Bridge have a heritage listing?,"[""If a bridge has a current load rating and a passed deck inspection, then it is service-cleared."", ""The Larkspur Bridge has a current load rating."", ""The Larkspur Bridge has a passed deck inspection."", ""No premise states whether the Larkspur Bridge has a heritage listing.""]","[""Yes"", ""No"", ""Uncertain""]",Uncertain,Uncertain,"The question asks whether the Larkspur Bridge has a heritage listing. No rule concludes it and no fact asserts it; premise 3 states that no premise establishes whether the Larkspur Bridge has a heritage listing, so it is unknown. It can be neither proven nor disproven; the answer is Uncertain.","[""∀x ((current_load_rating(x) ∧ passed_deck_inspection(x)) → service_cleared(x))"", ""current_load_rating(larkspur_bridge)"", ""passed_deck_inspection(larkspur_bridge)"", ""[UNCERTAIN] No premise states whether the Larkspur Bridge has a heritage listing.""]",[3],"{""type"": ""fol"", ""steps"": [""Fact: premise 3 states heritage_listing(larkspur_bridge) is unknown"", ""Derive: no rule or fact establishes heritage_listing(larkspur_bridge) ⟹ Unknown"", ""Conclusion: heritage_listing(larkspur_bridge) is undetermined ⟹ Uncertain""]}",train
SYN_larkspur_b_NO_BLOCKED,0,3,Can the Larkspur Bridge reopen to traffic?,"[""If a bridge has a current load rating and a passed deck inspection, then it can reopen to traffic."", ""The Larkspur Bridge has a current load rating."", ""The Larkspur Bridge lacks a passed deck inspection.""]","[""Yes"", ""No"", ""Uncertain""]",No,No,"Premise 0 requires both a current load rating and a passed deck inspection to reopen to traffic. By premise 1, the Larkspur Bridge has a current load rating, but premise 2 states the Larkspur Bridge lacks a passed deck inspection. A required condition is explicitly false, so the Larkspur Bridge cannot reopen to traffic; the answer is No.","[""∀x ((current_load_rating(x) ∧ passed_deck_inspection(x)) → can_reopen_to_traffic(x))"", ""current_load_rating(larkspur_bridge)"", ""¬passed_deck_inspection(larkspur_bridge)""]","[0, 1, 2]","{""type"": ""fol"", ""steps"": [""Rule: ∀x ((current_load_rating(x) ∧ passed_deck_inspection(x)) → can_reopen_to_traffic(x))"", ""Fact: current_load_rating(larkspur_bridge)"", ""Fact: ¬passed_deck_inspection(larkspur_bridge)"", ""Derive: ¬passed_deck_inspection(larkspur_bridge) makes the antecedent false ⟹ can_reopen_to_traffic(larkspur_bridge) not derivable"", ""Conclusion: ¬can_reopen_to_traffic(larkspur_bridge) ⟹ No""]}",train
SYN_larkspur_b_NO_CONTRA,0,3,Do the premises establish that the Larkspur Bridge should reopen to traffic?,"[""If a bridge has a current load rating, then it requires a structural hold."", ""If a bridge requires a structural hold, then it should not reopen to traffic without review."", ""The Larkspur Bridge has a current load rating.""]","[""Yes"", ""No"", ""Uncertain""]",No,No,"By premise 2 (the Larkspur Bridge has a current load rating) and premise 0, the Larkspur Bridge requires a structural hold. Premise 1 then states the Larkspur Bridge should not reopen to traffic without review. Therefore the premises do not establish that the Larkspur Bridge should reopen to traffic; the answer is No.","[""∀x (current_load_rating(x) → requires_structural_hold(x))"", ""∀x (requires_structural_hold(x) → ¬(can_reopen_to_traffic(x) ∧ ¬reviewed(x)))"", ""current_load_rating(larkspur_bridge)""]","[0, 1, 2]","{""type"": ""fol"", ""steps"": [""Rule: ∀x (current_load_rating(x) → requires_structural_hold(x))"", ""Rule: ∀x (requires_structural_hold(x) → ¬(can_reopen_to_traffic(x) ∧ ¬reviewed(x)))"", ""Fact: current_load_rating(larkspur_bridge)"", ""Derive: current_load_rating(larkspur_bridge) ⟹ requires_structural_hold(larkspur_bridge) [modus ponens]"", ""Derive: requires_structural_hold(larkspur_bridge) ⟹ ¬(can_reopen_to_traffic(larkspur_bridge) ∧ ¬reviewed(larkspur_bridge)) [modus ponens]"", ""Conclusion: the premises do not establish can_reopen_to_traffic(larkspur_bridge) ⟹ No""]}",train
SYN_larkspur_b_NO_COUNTER,0,1,Are all bridges service-cleared?,"[""Every bridge has a current load rating."", ""There exists a bridge that is not service-cleared."", ""If a bridge has a current load rating and a passed deck inspection, then it is service-cleared.""]","[""Yes"", ""No"", ""Uncertain""]",No,No,Premise 1 states there exists a bridge that is not service-cleared. This is a direct counterexample to the claim that all bridges are service-cleared; the answer is No.,"[""∀x current_load_rating(x)"", ""∃x ¬service_cleared(x)"", ""∀x ((current_load_rating(x) ∧ passed_deck_inspection(x)) → service_cleared(x))""]",[1],"{""type"": ""fol"", ""steps"": [""Fact: ∃x ¬service_cleared(x)"", ""Derive: a bridge that is not service_cleared exists ⟹ ¬∀x service_cleared(x)"", ""Conclusion: not all bridges are service_cleared ⟹ No""]}",train
SYN_applicant__UNC_MISSING,0,4,Do the premises establish that applicant Devon Park is loan-eligible?,"[""If a applicant has a stable income record and a clean credit history, then it is pre-qualified."", ""If a applicant is pre-qualified and has a co-signer, then it is loan-eligible."", ""Applicant Devon Park has a stable income record."", ""Applicant Devon Park has a clean credit history."", ""Applicant Devon Park has a savings account.""]","[""Yes"", ""No"", ""Uncertain""]",Uncertain,Uncertain,"By premise 2 (applicant Devon Park has a stable income record) and premise 3 (applicant Devon Park has a clean credit history), premise 0 gives that applicant Devon Park is pre-qualified. Premise 1 makes being loan-eligible also require a co-signer, but no premise states whether applicant Devon Park has a co-signer, so it is unknown. Therefore being loan-eligible can be neither proven nor disproven; the answer is Uncertain.","[""∀x ((stable_income_record(x) ∧ clean_credit_history(x)) → pre_qualified(x))"", ""∀x ((pre_qualified(x) ∧ co_signer(x)) → loan_eligible(x))"", ""stable_income_record(applicant_devon_park)"", ""clean_credit_history(applicant_devon_park)"", ""savings_account(applicant_devon_park)""]","[0, 1, 2, 3]","{""type"": ""fol"", ""steps"": [""Rule: ∀x ((stable_income_record(x) ∧ clean_credit_history(x)) → pre_qualified(x))"", ""Rule: ∀x ((pre_qualified(x) ∧ co_signer(x)) → loan_eligible(x))"", ""Fact: stable_income_record(applicant_devon_park)"", ""Fact: clean_credit_history(applicant_devon_park)"", ""Derive: stable_income_record(applicant_devon_park) ∧ clean_credit_history(applicant_devon_park) ⟹ pre_qualified(applicant_devon_park) [modus ponens]"", ""Derive: co_signer(applicant_devon_park) is not asserted by any premise ⟹ Unknown"", ""Conclusion: loan_eligible(applicant_devon_park) can be neither proven nor refuted ⟹ Uncertain""]}",train
SYN_applicant__UNC_EPIST,0,1,Does applicant Devon Park have a prior bankruptcy?,"[""If a applicant has a stable income record and a clean credit history, then it is pre-qualified."", ""Applicant Devon Park has a stable income record."", ""Applicant Devon Park has a clean credit history."", ""No premise states whether applicant Devon Park has a prior bankruptcy.""]","[""Yes"", ""No"", ""Uncertain""]",Uncertain,Uncertain,"The question asks whether applicant Devon Park has a prior bankruptcy. No rule concludes it and no fact asserts it; premise 3 states that no premise establishes whether applicant Devon Park has a prior bankruptcy, so it is unknown. It can be neither proven nor disproven; the answer is Uncertain.","[""∀x ((stable_income_record(x) ∧ clean_credit_history(x)) → pre_qualified(x))"", ""stable_income_record(applicant_devon_park)"", ""clean_credit_history(applicant_devon_park)"", ""[UNCERTAIN] No premise states whether applicant Devon Park has a prior bankruptcy.""]",[3],"{""type"": ""fol"", ""steps"": [""Fact: premise 3 states prior_bankruptcy(applicant_devon_park) is unknown"", ""Derive: no rule or fact establishes prior_bankruptcy(applicant_devon_park) ⟹ Unknown"", ""Conclusion: prior_bankruptcy(applicant_devon_park) is undetermined ⟹ Uncertain""]}",train
SYN_applicant__NO_BLOCKED,0,3,Can applicant Devon Park receive the loan?,"[""If a applicant has a stable income record and a clean credit history, then it can receive the loan."", ""Applicant Devon Park has a stable income record."", ""Applicant Devon Park lacks a clean credit history.""]","[""Yes"", ""No"", ""Uncertain""]",No,No,"Premise 0 requires both a stable income record and a clean credit history to receive the loan. By premise 1, applicant Devon Park has a stable income record, but premise 2 states applicant Devon Park lacks a clean credit history. A required condition is explicitly false, so applicant Devon Park cannot receive the loan; the answer is No.","[""∀x ((stable_income_record(x) ∧ clean_credit_history(x)) → can_receive_the_loan(x))"", ""stable_income_record(applicant_devon_park)"", ""¬clean_credit_history(applicant_devon_park)""]","[0, 1, 2]","{""type"": ""fol"", ""steps"": [""Rule: ∀x ((stable_income_record(x) ∧ clean_credit_history(x)) → can_receive_the_loan(x))"", ""Fact: stable_income_record(applicant_devon_park)"", ""Fact: ¬clean_credit_history(applicant_devon_park)"", ""Derive: ¬clean_credit_history(applicant_devon_park) makes the antecedent false ⟹ can_receive_the_loan(applicant_devon_park) not derivable"", ""Conclusion: ¬can_receive_the_loan(applicant_devon_park) ⟹ No""]}",train
SYN_applicant__NO_CONTRA,0,3,Do the premises establish that applicant Devon Park should receive the loan?,"[""If a applicant has a stable income record, then it requires a manual review."", ""If a applicant requires a manual review, then it should not receive the loan without review."", ""Applicant Devon Park has a stable income record.""]","[""Yes"", ""No"", ""Uncertain""]",No,No,"By premise 2 (applicant Devon Park has a stable income record) and premise 0, applicant Devon Park requires a manual review. Premise 1 then states applicant Devon Park should not receive the loan without review. Therefore the premises do not establish that applicant Devon Park should receive the loan; the answer is No.","[""∀x (stable_income_record(x) → requires_manual_review(x))"", ""∀x (requires_manual_review(x) → ¬(can_receive_the_loan(x) ∧ ¬reviewed(x)))"", ""stable_income_record(applicant_devon_park)""]","[0, 1, 2]","{""type"": ""fol"", ""steps"": [""Rule: ∀x (stable_income_record(x) → requires_manual_review(x))"", ""Rule: ∀x (requires_manual_review(x) → ¬(can_receive_the_loan(x) ∧ ¬reviewed(x)))"", ""Fact: stable_income_record(applicant_devon_park)"", ""Derive: stable_income_record(applicant_devon_park) ⟹ requires_manual_review(applicant_devon_park) [modus ponens]"", ""Derive: requires_manual_review(applicant_devon_park) ⟹ ¬(can_receive_the_loan(applicant_devon_park) ∧ ¬reviewed(applicant_devon_park)) [modus ponens]"", ""Conclusion: the premises do not establish can_receive_the_loan(applicant_devon_park) ⟹ No""]}",train
SYN_applicant__NO_COUNTER,0,1,Are all applicants pre-qualified?,"[""Every applicant has a stable income record."", ""There exists a applicant that is not pre-qualified."", ""If a applicant has a stable income record and a clean credit history, then it is pre-qualified.""]","[""Yes"", ""No"", ""Uncertain""]",No,No,Premise 1 states there exists a applicant that is not pre-qualified. This is a direct counterexample to the claim that all applicants are pre-qualified; the answer is No.,"[""∀x stable_income_record(x)"", ""∃x ¬pre_qualified(x)"", ""∀x ((stable_income_record(x) ∧ clean_credit_history(x)) → pre_qualified(x))""]",[1],"{""type"": ""fol"", ""steps"": [""Fact: ∃x ¬pre_qualified(x)"", ""Derive: a applicant that is not pre_qualified exists ⟹ ¬∀x pre_qualified(x)"", ""Conclusion: not all applicants are pre_qualified ⟹ No""]}",train
SYN_node_helix_UNC_MISSING,0,4,Do the premises establish that node Helix-9 is production-listed?,"[""If a node has a verified checksum and a redundant power feed, then it is cluster-ready."", ""If a node is cluster-ready and has a current firmware, then it is production-listed."", ""Node Helix-9 has a verified checksum."", ""Node Helix-9 has a redundant power feed."", ""Node Helix-9 has a spare disk.""]","[""Yes"", ""No"", ""Uncertain""]",Uncertain,Uncertain,"By premise 2 (node Helix-9 has a verified checksum) and premise 3 (node Helix-9 has a redundant power feed), premise 0 gives that node Helix-9 is cluster-ready. Premise 1 makes being production-listed also require a current firmware, but no premise states whether node Helix-9 has a current firmware, so it is unknown. Therefore being production-listed can be neither proven nor disproven; the answer is Uncertain.","[""∀x ((verified_checksum(x) ∧ redundant_power_feed(x)) → cluster_ready(x))"", ""∀x ((cluster_ready(x) ∧ current_firmware(x)) → production_listed(x))"", ""verified_checksum(node_helix_9)"", ""redundant_power_feed(node_helix_9)"", ""spare_disk(node_helix_9)""]","[0, 1, 2, 3]","{""type"": ""fol"", ""steps"": [""Rule: ∀x ((verified_checksum(x) ∧ redundant_power_feed(x)) → cluster_ready(x))"", ""Rule: ∀x ((cluster_ready(x) ∧ current_firmware(x)) → production_listed(x))"", ""Fact: verified_checksum(node_helix_9)"", ""Fact: redundant_power_feed(node_helix_9)"", ""Derive: verified_checksum(node_helix_9) ∧ redundant_power_feed(node_helix_9) ⟹ cluster_ready(node_helix_9) [modus ponens]"", ""Derive: current_firmware(node_helix_9) is not asserted by any premise ⟹ Unknown"", ""Conclusion: production_listed(node_helix_9) can be neither proven nor refuted ⟹ Uncertain""]}",train
SYN_node_helix_UNC_EPIST,0,1,Does node Helix-9 have a vendor warranty?,"[""If a node has a verified checksum and a redundant power feed, then it is cluster-ready."", ""Node Helix-9 has a verified checksum."", ""Node Helix-9 has a redundant power feed."", ""No premise states whether node Helix-9 has a vendor warranty.""]","[""Yes"", ""No"", ""Uncertain""]",Uncertain,Uncertain,"The question asks whether node Helix-9 has a vendor warranty. No rule concludes it and no fact asserts it; premise 3 states that no premise establishes whether node Helix-9 has a vendor warranty, so it is unknown. It can be neither proven nor disproven; the answer is Uncertain.","[""∀x ((verified_checksum(x) ∧ redundant_power_feed(x)) → cluster_ready(x))"", ""verified_checksum(node_helix_9)"", ""redundant_power_feed(node_helix_9)"", ""[UNCERTAIN] No premise states whether node Helix-9 has a vendor warranty.""]",[3],"{""type"": ""fol"", ""steps"": [""Fact: premise 3 states vendor_warranty(node_helix_9) is unknown"", ""Derive: no rule or fact establishes vendor_warranty(node_helix_9) ⟹ Unknown"", ""Conclusion: vendor_warranty(node_helix_9) is undetermined ⟹ Uncertain""]}",train
SYN_node_helix_NO_BLOCKED,0,3,Can node Helix-9 join the cluster?,"[""If a node has a verified checksum and a redundant power feed, then it can join the cluster."", ""Node Helix-9 has a verified checksum."", ""Node Helix-9 lacks a redundant power feed.""]","[""Yes"", ""No"", ""Uncertain""]",No,No,"Premise 0 requires both a verified checksum and a redundant power feed to join the cluster. By premise 1, node Helix-9 has a verified checksum, but premise 2 states node Helix-9 lacks a redundant power feed. A required condition is explicitly false, so node Helix-9 cannot join the cluster; the answer is No.","[""∀x ((verified_checksum(x) ∧ redundant_power_feed(x)) → can_join_the_cluster(x))"", ""verified_checksum(node_helix_9)"", ""¬redundant_power_feed(node_helix_9)""]","[0, 1, 2]","{""type"": ""fol"", ""steps"": [""Rule: ∀x ((verified_checksum(x) ∧ redundant_power_feed(x)) → can_join_the_cluster(x))"", ""Fact: verified_checksum(node_helix_9)"", ""Fact: ¬redundant_power_feed(node_helix_9)"", ""Derive: ¬redundant_power_feed(node_helix_9) makes the antecedent false ⟹ can_join_the_cluster(node_helix_9) not derivable"", ""Conclusion: ¬can_join_the_cluster(node_helix_9) ⟹ No""]}",train
SYN_node_helix_NO_CONTRA,0,3,Do the premises establish that node Helix-9 should join the cluster?,"[""If a node has a verified checksum, then it requires a maintenance freeze."", ""If a node requires a maintenance freeze, then it should not join the cluster without review."", ""Node Helix-9 has a verified checksum.""]","[""Yes"", ""No"", ""Uncertain""]",No,No,"By premise 2 (node Helix-9 has a verified checksum) and premise 0, node Helix-9 requires a maintenance freeze. Premise 1 then states node Helix-9 should not join the cluster without review. Therefore the premises do not establish that node Helix-9 should join the cluster; the answer is No.","[""∀x (verified_checksum(x) → requires_maintenance_freeze(x))"", ""∀x (requires_maintenance_freeze(x) → ¬(can_join_the_cluster(x) ∧ ¬reviewed(x)))"", ""verified_checksum(node_helix_9)""]","[0, 1, 2]","{""type"": ""fol"", ""steps"": [""Rule: ∀x (verified_checksum(x) → requires_maintenance_freeze(x))"", ""Rule: ∀x (requires_maintenance_freeze(x) → ¬(can_join_the_cluster(x) ∧ ¬reviewed(x)))"", ""Fact: verified_checksum(node_helix_9)"", ""Derive: verified_checksum(node_helix_9) ⟹ requires_maintenance_freeze(node_helix_9) [modus ponens]"", ""Derive: requires_maintenance_freeze(node_helix_9) ⟹ ¬(can_join_the_cluster(node_helix_9) ∧ ¬reviewed(node_helix_9)) [modus ponens]"", ""Conclusion: the premises do not establish can_join_the_cluster(node_helix_9) ⟹ No""]}",train
SYN_node_helix_NO_COUNTER,0,1,Are all nodes cluster-ready?,"[""Every node has a verified checksum."", ""There exists a node that is not cluster-ready."", ""If a node has a verified checksum and a redundant power feed, then it is cluster-ready.""]","[""Yes"", ""No"", ""Uncertain""]",No,No,Premise 1 states there exists a node that is not cluster-ready. This is a direct counterexample to the claim that all nodes are cluster-ready; the answer is No.,"[""∀x verified_checksum(x)"", ""∃x ¬cluster_ready(x)"", ""∀x ((verified_checksum(x) ∧ redundant_power_feed(x)) → cluster_ready(x))""]",[1],"{""type"": ""fol"", ""steps"": [""Fact: ∃x ¬cluster_ready(x)"", ""Derive: a node that is not cluster_ready exists ⟹ ¬∀x cluster_ready(x)"", ""Conclusion: not all nodes are cluster_ready ⟹ No""]}",train
SYN_seed_lot_v_UNC_MISSING,0,4,Do the premises establish that seed lot Verdant-3 is catalog-listed?,"[""If a seed lot has a germination test and a purity certificate, then it is nursery-ready."", ""If a seed lot is nursery-ready and has a moisture check, then it is catalog-listed."", ""Seed lot Verdant-3 has a germination test."", ""Seed lot Verdant-3 has a purity certificate."", ""Seed lot Verdant-3 has a barcode label.""]","[""Yes"", ""No"", ""Uncertain""]",Uncertain,Uncertain,"By premise 2 (seed lot Verdant-3 has a germination test) and premise 3 (seed lot Verdant-3 has a purity certificate), premise 0 gives that seed lot Verdant-3 is nursery-ready. Premise 1 makes being catalog-listed also require a moisture check, but no premise states whether seed lot Verdant-3 has a moisture check, so it is unknown. Therefore being catalog-listed can be neither proven nor disproven; the answer is Uncertain.","[""∀x ((germination_test(x) ∧ purity_certificate(x)) → nursery_ready(x))"", ""∀x ((nursery_ready(x) ∧ moisture_check(x)) → catalog_listed(x))"", ""germination_test(seed_lot_verdant_3)"", ""purity_certificate(seed_lot_verdant_3)"", ""barcode_label(seed_lot_verdant_3)""]","[0, 1, 2, 3]","{""type"": ""fol"", ""steps"": [""Rule: ∀x ((germination_test(x) ∧ purity_certificate(x)) → nursery_ready(x))"", ""Rule: ∀x ((nursery_ready(x) ∧ moisture_check(x)) → catalog_listed(x))"", ""Fact: germination_test(seed_lot_verdant_3)"", ""Fact: purity_certificate(seed_lot_verdant_3)"", ""Derive: germination_test(seed_lot_verdant_3) ∧ purity_certificate(seed_lot_verdant_3) ⟹ nursery_ready(seed_lot_verdant_3) [modus ponens]"", ""Derive: moisture_check(seed_lot_verdant_3) is not asserted by any premise ⟹ Unknown"", ""Conclusion: catalog_listed(seed_lot_verdant_3) can be neither proven nor refuted ⟹ Uncertain""]}",train
SYN_seed_lot_v_UNC_EPIST,0,1,Does seed lot Verdant-3 have an organic certification?,"[""If a seed lot has a germination test and a purity certificate, then it is nursery-ready."", ""Seed lot Verdant-3 has a germination test."", ""Seed lot Verdant-3 has a purity certificate."", ""No premise states whether seed lot Verdant-3 has an organic certification.""]","[""Yes"", ""No"", ""Uncertain""]",Uncertain,Uncertain,"The question asks whether seed lot Verdant-3 has an organic certification. No rule concludes it and no fact asserts it; premise 3 states that no premise establishes whether seed lot Verdant-3 has an organic certification, so it is unknown. It can be neither proven nor disproven; the answer is Uncertain.","[""∀x ((germination_test(x) ∧ purity_certificate(x)) → nursery_ready(x))"", ""germination_test(seed_lot_verdant_3)"", ""purity_certificate(seed_lot_verdant_3)"", ""[UNCERTAIN] No premise states whether seed lot Verdant-3 has an organic certification.""]",[3],"{""type"": ""fol"", ""steps"": [""Fact: premise 3 states organic_certification(seed_lot_verdant_3) is unknown"", ""Derive: no rule or fact establishes organic_certification(seed_lot_verdant_3) ⟹ Unknown"", ""Conclusion: organic_certification(seed_lot_verdant_3) is undetermined ⟹ Uncertain""]}",train
SYN_seed_lot_v_NO_BLOCKED,0,3,Can seed lot Verdant-3 be sold to growers?,"[""If a seed lot has a germination test and a purity certificate, then it can be sold to growers."", ""Seed lot Verdant-3 has a germination test."", ""Seed lot Verdant-3 lacks a purity certificate.""]","[""Yes"", ""No"", ""Uncertain""]",No,No,"Premise 0 requires both a germination test and a purity certificate to be sold to growers. By premise 1, seed lot Verdant-3 has a germination test, but premise 2 states seed lot Verdant-3 lacks a purity certificate. A required condition is explicitly false, so seed lot Verdant-3 cannot be sold to growers; the answer is No.","[""∀x ((germination_test(x) ∧ purity_certificate(x)) → can_be_sold_to_growers(x))"", ""germination_test(seed_lot_verdant_3)"", ""¬purity_certificate(seed_lot_verdant_3)""]","[0, 1, 2]","{""type"": ""fol"", ""steps"": [""Rule: ∀x ((germination_test(x) ∧ purity_certificate(x)) → can_be_sold_to_growers(x))"", ""Fact: germination_test(seed_lot_verdant_3)"", ""Fact: ¬purity_certificate(seed_lot_verdant_3)"", ""Derive: ¬purity_certificate(seed_lot_verdant_3) makes the antecedent false ⟹ can_be_sold_to_growers(seed_lot_verdant_3) not derivable"", ""Conclusion: ¬can_be_sold_to_growers(seed_lot_verdant_3) ⟹ No""]}",train
SYN_seed_lot_v_NO_CONTRA,0,3,Do the premises establish that seed lot Verdant-3 should be sold to growers?,"[""If a seed lot has a germination test, then it requires a quarantine flag."", ""If a seed lot requires a quarantine flag, then it should not be sold to growers without review."", ""Seed lot Verdant-3 has a germination test.""]","[""Yes"", ""No"", ""Uncertain""]",No,No,"By premise 2 (seed lot Verdant-3 has a germination test) and premise 0, seed lot Verdant-3 requires a quarantine flag. Premise 1 then states seed lot Verdant-3 should not be sold to growers without review. Therefore the premises do not establish that seed lot Verdant-3 should be sold to growers; the answer is No.","[""∀x (germination_test(x) → requires_quarantine_flag(x))"", ""∀x (requires_quarantine_flag(x) → ¬(can_be_sold_to_growers(x) ∧ ¬reviewed(x)))"", ""germination_test(seed_lot_verdant_3)""]","[0, 1, 2]","{""type"": ""fol"", ""steps"": [""Rule: ∀x (germination_test(x) → requires_quarantine_flag(x))"", ""Rule: ∀x (requires_quarantine_flag(x) → ¬(can_be_sold_to_growers(x) ∧ ¬reviewed(x)))"", ""Fact: germination_test(seed_lot_verdant_3)"", ""Derive: germination_test(seed_lot_verdant_3) ⟹ requires_quarantine_flag(seed_lot_verdant_3) [modus ponens]"", ""Derive: requires_quarantine_flag(seed_lot_verdant_3) ⟹ ¬(can_be_sold_to_growers(seed_lot_verdant_3) ∧ ¬reviewed(seed_lot_verdant_3)) [modus ponens]"", ""Conclusion: the premises do not establish can_be_sold_to_growers(seed_lot_verdant_3) ⟹ No""]}",train
SYN_seed_lot_v_NO_COUNTER,0,1,Are all seed lots nursery-ready?,"[""Every seed lot has a germination test."", ""There exists a seed lot that is not nursery-ready."", ""If a seed lot has a germination test and a purity certificate, then it is nursery-ready.""]","[""Yes"", ""No"", ""Uncertain""]",No,No,Premise 1 states there exists a seed lot that is not nursery-ready. This is a direct counterexample to the claim that all seed lots are nursery-ready; the answer is No.,"[""∀x germination_test(x)"", ""∃x ¬nursery_ready(x)"", ""∀x ((germination_test(x) ∧ purity_certificate(x)) → nursery_ready(x))""]",[1],"{""type"": ""fol"", ""steps"": [""Fact: ∃x ¬nursery_ready(x)"", ""Derive: a seed lot that is not nursery_ready exists ⟹ ¬∀x nursery_ready(x)"", ""Conclusion: not all seed lots are nursery_ready ⟹ No""]}",train
SYN_meridian_g_UNC_MISSING,0,4,Do the premises establish that the Meridian Grant is panel-listed?,"[""If a grant has a submitted budget and an ethics approval, then it is review-ready."", ""If a grant is review-ready and has a signed host letter, then it is panel-listed."", ""The Meridian Grant has a submitted budget."", ""The Meridian Grant has an ethics approval."", ""The Meridian Grant has an abstract.""]","[""Yes"", ""No"", ""Uncertain""]",Uncertain,Uncertain,"By premise 2 (the Meridian Grant has a submitted budget) and premise 3 (the Meridian Grant has an ethics approval), premise 0 gives that the Meridian Grant is review-ready. Premise 1 makes being panel-listed also require a signed host letter, but no premise states whether the Meridian Grant has a signed host letter, so it is unknown. Therefore being panel-listed can be neither proven nor disproven; the answer is Uncertain.","[""∀x ((submitted_budget(x) ∧ ethics_approval(x)) → review_ready(x))"", ""∀x ((review_ready(x) ∧ signed_host_letter(x)) → panel_listed(x))"", ""submitted_budget(meridian_grant)"", ""ethics_approval(meridian_grant)"", ""abstract(meridian_grant)""]","[0, 1, 2, 3]","{""type"": ""fol"", ""steps"": [""Rule: ∀x ((submitted_budget(x) ∧ ethics_approval(x)) → review_ready(x))"", ""Rule: ∀x ((review_ready(x) ∧ signed_host_letter(x)) → panel_listed(x))"", ""Fact: submitted_budget(meridian_grant)"", ""Fact: ethics_approval(meridian_grant)"", ""Derive: submitted_budget(meridian_grant) ∧ ethics_approval(meridian_grant) ⟹ review_ready(meridian_grant) [modus ponens]"", ""Derive: signed_host_letter(meridian_grant) is not asserted by any premise ⟹ Unknown"", ""Conclusion: panel_listed(meridian_grant) can be neither proven nor refuted ⟹ Uncertain""]}",train
SYN_meridian_g_UNC_EPIST,0,1,Does the Meridian Grant have a matching donor?,"[""If a grant has a submitted budget and an ethics approval, then it is review-ready."", ""The Meridian Grant has a submitted budget."", ""The Meridian Grant has an ethics approval."", ""No premise states whether the Meridian Grant has a matching donor.""]","[""Yes"", ""No"", ""Uncertain""]",Uncertain,Uncertain,"The question asks whether the Meridian Grant has a matching donor. No rule concludes it and no fact asserts it; premise 3 states that no premise establishes whether the Meridian Grant has a matching donor, so it is unknown. It can be neither proven nor disproven; the answer is Uncertain.","[""∀x ((submitted_budget(x) ∧ ethics_approval(x)) → review_ready(x))"", ""submitted_budget(meridian_grant)"", ""ethics_approval(meridian_grant)"", ""[UNCERTAIN] No premise states whether the Meridian Grant has a matching donor.""]",[3],"{""type"": ""fol"", ""steps"": [""Fact: premise 3 states matching_donor(meridian_grant) is unknown"", ""Derive: no rule or fact establishes matching_donor(meridian_grant) ⟹ Unknown"", ""Conclusion: matching_donor(meridian_grant) is undetermined ⟹ Uncertain""]}",train
SYN_meridian_g_NO_BLOCKED,0,3,Can the Meridian Grant be awarded?,"[""If a grant has a submitted budget and an ethics approval, then it can be awarded."", ""The Meridian Grant has a submitted budget."", ""The Meridian Grant lacks an ethics approval.""]","[""Yes"", ""No"", ""Uncertain""]",No,No,"Premise 0 requires both a submitted budget and an ethics approval to be awarded. By premise 1, the Meridian Grant has a submitted budget, but premise 2 states the Meridian Grant lacks an ethics approval. A required condition is explicitly false, so the Meridian Grant cannot be awarded; the answer is No.","[""∀x ((submitted_budget(x) ∧ ethics_approval(x)) → can_be_awarded(x))"", ""submitted_budget(meridian_grant)"", ""¬ethics_approval(meridian_grant)""]","[0, 1, 2]","{""type"": ""fol"", ""steps"": [""Rule: ∀x ((submitted_budget(x) ∧ ethics_approval(x)) → can_be_awarded(x))"", ""Fact: submitted_budget(meridian_grant)"", ""Fact: ¬ethics_approval(meridian_grant)"", ""Derive: ¬ethics_approval(meridian_grant) makes the antecedent false ⟹ can_be_awarded(meridian_grant) not derivable"", ""Conclusion: ¬can_be_awarded(meridian_grant) ⟹ No""]}",train
SYN_meridian_g_NO_CONTRA,0,3,Do the premises establish that the Meridian Grant should be awarded?,"[""If a grant has a submitted budget, then it requires a conflict-of-interest review."", ""If a grant requires a conflict-of-interest review, then it should not be awarded without review."", ""The Meridian Grant has a submitted budget.""]","[""Yes"", ""No"", ""Uncertain""]",No,No,"By premise 2 (the Meridian Grant has a submitted budget) and premise 0, the Meridian Grant requires a conflict-of-interest review. Premise 1 then states the Meridian Grant should not be awarded without review. Therefore the premises do not establish that the Meridian Grant should be awarded; the answer is No.","[""∀x (submitted_budget(x) → requires_conflict_of_interest_review(x))"", ""∀x (requires_conflict_of_interest_review(x) → ¬(can_be_awarded(x) ∧ ¬reviewed(x)))"", ""submitted_budget(meridian_grant)""]","[0, 1, 2]","{""type"": ""fol"", ""steps"": [""Rule: ∀x (submitted_budget(x) → requires_conflict_of_interest_review(x))"", ""Rule: ∀x (requires_conflict_of_interest_review(x) → ¬(can_be_awarded(x) ∧ ¬reviewed(x)))"", ""Fact: submitted_budget(meridian_grant)"", ""Derive: submitted_budget(meridian_grant) ⟹ requires_conflict_of_interest_review(meridian_grant) [modus ponens]"", ""Derive: requires_conflict_of_interest_review(meridian_grant) ⟹ ¬(can_be_awarded(meridian_grant) ∧ ¬reviewed(meridian_grant)) [modus ponens]"", ""Conclusion: the premises do not establish can_be_awarded(meridian_grant) ⟹ No""]}",train
SYN_meridian_g_NO_COUNTER,0,1,Are all grants review-ready?,"[""Every grant has a submitted budget."", ""There exists a grant that is not review-ready."", ""If a grant has a submitted budget and an ethics approval, then it is review-ready.""]","[""Yes"", ""No"", ""Uncertain""]",No,No,Premise 1 states there exists a grant that is not review-ready. This is a direct counterexample to the claim that all grants are review-ready; the answer is No.,"[""∀x submitted_budget(x)"", ""∃x ¬review_ready(x)"", ""∀x ((submitted_budget(x) ∧ ethics_approval(x)) → review_ready(x))""]",[1],"{""type"": ""fol"", ""steps"": [""Fact: ∃x ¬review_ready(x)"", ""Derive: a grant that is not review_ready exists ⟹ ¬∀x review_ready(x)"", ""Conclusion: not all grants are review_ready ⟹ No""]}",train
SYN_container__UNC_MISSING,0,4,Do the premises establish that container Orca-12 is export-listed?,"[""If a container has a sealed manifest and a customs clearance, then it is dock-ready."", ""If a container is dock-ready and has a weight certificate, then it is export-listed."", ""Container Orca-12 has a sealed manifest."", ""Container Orca-12 has a customs clearance."", ""Container Orca-12 has a paint code.""]","[""Yes"", ""No"", ""Uncertain""]",Uncertain,Uncertain,"By premise 2 (container Orca-12 has a sealed manifest) and premise 3 (container Orca-12 has a customs clearance), premise 0 gives that container Orca-12 is dock-ready. Premise 1 makes being export-listed also require a weight certificate, but no premise states whether container Orca-12 has a weight certificate, so it is unknown. Therefore being export-listed can be neither proven nor disproven; the answer is Uncertain.","[""∀x ((sealed_manifest(x) ∧ customs_clearance(x)) → dock_ready(x))"", ""∀x ((dock_ready(x) ∧ weight_certificate(x)) → export_listed(x))"", ""sealed_manifest(container_orca_12)"", ""customs_clearance(container_orca_12)"", ""paint_code(container_orca_12)""]","[0, 1, 2, 3]","{""type"": ""fol"", ""steps"": [""Rule: ∀x ((sealed_manifest(x) ∧ customs_clearance(x)) → dock_ready(x))"", ""Rule: ∀x ((dock_ready(x) ∧ weight_certificate(x)) → export_listed(x))"", ""Fact: sealed_manifest(container_orca_12)"", ""Fact: customs_clearance(container_orca_12)"", ""Derive: sealed_manifest(container_orca_12) ∧ customs_clearance(container_orca_12) ⟹ dock_ready(container_orca_12) [modus ponens]"", ""Derive: weight_certificate(container_orca_12) is not asserted by any premise ⟹ Unknown"", ""Conclusion: export_listed(container_orca_12) can be neither proven nor refuted ⟹ Uncertain""]}",train
SYN_container__UNC_EPIST,0,1,Does container Orca-12 have a hazmat placard?,"[""If a container has a sealed manifest and a customs clearance, then it is dock-ready."", ""Container Orca-12 has a sealed manifest."", ""Container Orca-12 has a customs clearance."", ""No premise states whether container Orca-12 has a hazmat placard.""]","[""Yes"", ""No"", ""Uncertain""]",Uncertain,Uncertain,"The question asks whether container Orca-12 has a hazmat placard. No rule concludes it and no fact asserts it; premise 3 states that no premise establishes whether container Orca-12 has a hazmat placard, so it is unknown. It can be neither proven nor disproven; the answer is Uncertain.","[""∀x ((sealed_manifest(x) ∧ customs_clearance(x)) → dock_ready(x))"", ""sealed_manifest(container_orca_12)"", ""customs_clearance(container_orca_12)"", ""[UNCERTAIN] No premise states whether container Orca-12 has a hazmat placard.""]",[3],"{""type"": ""fol"", ""steps"": [""Fact: premise 3 states hazmat_placard(container_orca_12) is unknown"", ""Derive: no rule or fact establishes hazmat_placard(container_orca_12) ⟹ Unknown"", ""Conclusion: hazmat_placard(container_orca_12) is undetermined ⟹ Uncertain""]}",train
SYN_container__NO_BLOCKED,0,3,Can container Orca-12 be loaded onto the vessel?,"[""If a container has a sealed manifest and a customs clearance, then it can be loaded onto the vessel."", ""Container Orca-12 has a sealed manifest."", ""Container Orca-12 lacks a customs clearance.""]","[""Yes"", ""No"", ""Uncertain""]",No,No,"Premise 0 requires both a sealed manifest and a customs clearance to be loaded onto the vessel. By premise 1, container Orca-12 has a sealed manifest, but premise 2 states container Orca-12 lacks a customs clearance. A required condition is explicitly false, so container Orca-12 cannot be loaded onto the vessel; the answer is No.","[""∀x ((sealed_manifest(x) ∧ customs_clearance(x)) → can_be_loaded_onto_the_vessel(x))"", ""sealed_manifest(container_orca_12)"", ""¬customs_clearance(container_orca_12)""]","[0, 1, 2]","{""type"": ""fol"", ""steps"": [""Rule: ∀x ((sealed_manifest(x) ∧ customs_clearance(x)) → can_be_loaded_onto_the_vessel(x))"", ""Fact: sealed_manifest(container_orca_12)"", ""Fact: ¬customs_clearance(container_orca_12)"", ""Derive: ¬customs_clearance(container_orca_12) makes the antecedent false ⟹ can_be_loaded_onto_the_vessel(container_orca_12) not derivable"", ""Conclusion: ¬can_be_loaded_onto_the_vessel(container_orca_12) ⟹ No""]}",train
SYN_container__NO_CONTRA,0,3,Do the premises establish that container Orca-12 should be loaded onto the vessel?,"[""If a container has a sealed manifest, then it requires an inspection hold."", ""If a container requires an inspection hold, then it should not be loaded onto the vessel without review."", ""Container Orca-12 has a sealed manifest.""]","[""Yes"", ""No"", ""Uncertain""]",No,No,"By premise 2 (container Orca-12 has a sealed manifest) and premise 0, container Orca-12 requires an inspection hold. Premise 1 then states container Orca-12 should not be loaded onto the vessel without review. Therefore the premises do not establish that container Orca-12 should be loaded onto the vessel; the answer is No.","[""∀x (sealed_manifest(x) → requires_inspection_hold(x))"", ""∀x (requires_inspection_hold(x) → ¬(can_be_loaded_onto_the_vessel(x) ∧ ¬reviewed(x)))"", ""sealed_manifest(container_orca_12)""]","[0, 1, 2]","{""type"": ""fol"", ""steps"": [""Rule: ∀x (sealed_manifest(x) → requires_inspection_hold(x))"", ""Rule: ∀x (requires_inspection_hold(x) → ¬(can_be_loaded_onto_the_vessel(x) ∧ ¬reviewed(x)))"", ""Fact: sealed_manifest(container_orca_12)"", ""Derive: sealed_manifest(container_orca_12) ⟹ requires_inspection_hold(container_orca_12) [modus ponens]"", ""Derive: requires_inspection_hold(container_orca_12) ⟹ ¬(can_be_loaded_onto_the_vessel(container_orca_12) ∧ ¬reviewed(container_orca_12)) [modus ponens]"", ""Conclusion: the premises do not establish can_be_loaded_onto_the_vessel(container_orca_12) ⟹ No""]}",train
SYN_container__NO_COUNTER,0,1,Are all containers dock-ready?,"[""Every container has a sealed manifest."", ""There exists a container that is not dock-ready."", ""If a container has a sealed manifest and a customs clearance, then it is dock-ready.""]","[""Yes"", ""No"", ""Uncertain""]",No,No,Premise 1 states there exists a container that is not dock-ready. This is a direct counterexample to the claim that all containers are dock-ready; the answer is No.,"[""∀x sealed_manifest(x)"", ""∃x ¬dock_ready(x)"", ""∀x ((sealed_manifest(x) ∧ customs_clearance(x)) → dock_ready(x))""]",[1],"{""type"": ""fol"", ""steps"": [""Fact: ∃x ¬dock_ready(x)"", ""Derive: a container that is not dock_ready exists ⟹ ¬∀x dock_ready(x)"", ""Conclusion: not all containers are dock_ready ⟹ No""]}",train
SYN_water_samp_UNC_MISSING,0,4,Do the premises establish that water sample Brookline-7 is report-listed?,"[""If a water sample has a chain-of-custody form and a pH reading, then it is lab-ready."", ""If a water sample is lab-ready and has a turbidity reading, then it is report-listed."", ""Water sample Brookline-7 has a chain-of-custody form."", ""Water sample Brookline-7 has a pH reading."", ""Water sample Brookline-7 has a sample label.""]","[""Yes"", ""No"", ""Uncertain""]",Uncertain,Uncertain,"By premise 2 (water sample Brookline-7 has a chain-of-custody form) and premise 3 (water sample Brookline-7 has a pH reading), premise 0 gives that water sample Brookline-7 is lab-ready. Premise 1 makes being report-listed also require a turbidity reading, but no premise states whether water sample Brookline-7 has a turbidity reading, so it is unknown. Therefore being report-listed can be neither proven nor disproven; the answer is Uncertain.","[""∀x ((chain_of_custody_form(x) ∧ ph_reading(x)) → lab_ready(x))"", ""∀x ((lab_ready(x) ∧ turbidity_reading(x)) → report_listed(x))"", ""chain_of_custody_form(water_sample_brookline_7)"", ""ph_reading(water_sample_brookline_7)"", ""sample_label(water_sample_brookline_7)""]","[0, 1, 2, 3]","{""type"": ""fol"", ""steps"": [""Rule: ∀x ((chain_of_custody_form(x) ∧ ph_reading(x)) → lab_ready(x))"", ""Rule: ∀x ((lab_ready(x) ∧ turbidity_reading(x)) → report_listed(x))"", ""Fact: chain_of_custody_form(water_sample_brookline_7)"", ""Fact: ph_reading(water_sample_brookline_7)"", ""Derive: chain_of_custody_form(water_sample_brookline_7) ∧ ph_reading(water_sample_brookline_7) ⟹ lab_ready(water_sample_brookline_7) [modus ponens]"", ""Derive: turbidity_reading(water_sample_brookline_7) is not asserted by any premise ⟹ Unknown"", ""Conclusion: report_listed(water_sample_brookline_7) can be neither proven nor refuted ⟹ Uncertain""]}",train
SYN_water_samp_UNC_EPIST,0,1,Does water sample Brookline-7 have a fluoride additive?,"[""If a water sample has a chain-of-custody form and a pH reading, then it is lab-ready."", ""Water sample Brookline-7 has a chain-of-custody form."", ""Water sample Brookline-7 has a pH reading."", ""No premise states whether water sample Brookline-7 has a fluoride additive.""]","[""Yes"", ""No"", ""Uncertain""]",Uncertain,Uncertain,"The question asks whether water sample Brookline-7 has a fluoride additive. No rule concludes it and no fact asserts it; premise 3 states that no premise establishes whether water sample Brookline-7 has a fluoride additive, so it is unknown. It can be neither proven nor disproven; the answer is Uncertain.","[""∀x ((chain_of_custody_form(x) ∧ ph_reading(x)) → lab_ready(x))"", ""chain_of_custody_form(water_sample_brookline_7)"", ""ph_reading(water_sample_brookline_7)"", ""[UNCERTAIN] No premise states whether water sample Brookline-7 has a fluoride additive.""]",[3],"{""type"": ""fol"", ""steps"": [""Fact: premise 3 states fluoride_additive(water_sample_brookline_7) is unknown"", ""Derive: no rule or fact establishes fluoride_additive(water_sample_brookline_7) ⟹ Unknown"", ""Conclusion: fluoride_additive(water_sample_brookline_7) is undetermined ⟹ Uncertain""]}",train
SYN_water_samp_NO_BLOCKED,0,3,Can water sample Brookline-7 be certified potable?,"[""If a water sample has a chain-of-custody form and a pH reading, then it can be certified potable."", ""Water sample Brookline-7 has a chain-of-custody form."", ""Water sample Brookline-7 lacks a pH reading.""]","[""Yes"", ""No"", ""Uncertain""]",No,No,"Premise 0 requires both a chain-of-custody form and a pH reading to be certified potable. By premise 1, water sample Brookline-7 has a chain-of-custody form, but premise 2 states water sample Brookline-7 lacks a pH reading. A required condition is explicitly false, so water sample Brookline-7 cannot be certified potable; the answer is No.","[""∀x ((chain_of_custody_form(x) ∧ ph_reading(x)) → can_be_certified_potable(x))"", ""chain_of_custody_form(water_sample_brookline_7)"", ""¬ph_reading(water_sample_brookline_7)""]","[0, 1, 2]","{""type"": ""fol"", ""steps"": [""Rule: ∀x ((chain_of_custody_form(x) ∧ ph_reading(x)) → can_be_certified_potable(x))"", ""Fact: chain_of_custody_form(water_sample_brookline_7)"", ""Fact: ¬ph_reading(water_sample_brookline_7)"", ""Derive: ¬ph_reading(water_sample_brookline_7) makes the antecedent false ⟹ can_be_certified_potable(water_sample_brookline_7) not derivable"", ""Conclusion: ¬can_be_certified_potable(water_sample_brookline_7) ⟹ No""]}",train
SYN_water_samp_NO_CONTRA,0,3,Do the premises establish that water sample Brookline-7 should be certified potable?,"[""If a water sample has a chain-of-custody form, then it requires a recheck order."", ""If a water sample requires a recheck order, then it should not be certified potable without review."", ""Water sample Brookline-7 has a chain-of-custody form.""]","[""Yes"", ""No"", ""Uncertain""]",No,No,"By premise 2 (water sample Brookline-7 has a chain-of-custody form) and premise 0, water sample Brookline-7 requires a recheck order. Premise 1 then states water sample Brookline-7 should not be certified potable without review. Therefore the premises do not establish that water sample Brookline-7 should be certified potable; the answer is No.","[""∀x (chain_of_custody_form(x) → requires_recheck_order(x))"", ""∀x (requires_recheck_order(x) → ¬(can_be_certified_potable(x) ∧ ¬reviewed(x)))"", ""chain_of_custody_form(water_sample_brookline_7)""]","[0, 1, 2]","{""type"": ""fol"", ""steps"": [""Rule: ∀x (chain_of_custody_form(x) → requires_recheck_order(x))"", ""Rule: ∀x (requires_recheck_order(x) → ¬(can_be_certified_potable(x) ∧ ¬reviewed(x)))"", ""Fact: chain_of_custody_form(water_sample_brookline_7)"", ""Derive: chain_of_custody_form(water_sample_brookline_7) ⟹ requires_recheck_order(water_sample_brookline_7) [modus ponens]"", ""Derive: requires_recheck_order(water_sample_brookline_7) ⟹ ¬(can_be_certified_potable(water_sample_brookline_7) ∧ ¬reviewed(water_sample_brookline_7)) [modus ponens]"", ""Conclusion: the premises do not establish can_be_certified_potable(water_sample_brookline_7) ⟹ No""]}",train
SYN_water_samp_NO_COUNTER,0,1,Are all water samples lab-ready?,"[""Every water sample has a chain-of-custody form."", ""There exists a water sample that is not lab-ready."", ""If a water sample has a chain-of-custody form and a pH reading, then it is lab-ready.""]","[""Yes"", ""No"", ""Uncertain""]",No,No,Premise 1 states there exists a water sample that is not lab-ready. This is a direct counterexample to the claim that all water samples are lab-ready; the answer is No.,"[""∀x chain_of_custody_form(x)"", ""∃x ¬lab_ready(x)"", ""∀x ((chain_of_custody_form(x) ∧ ph_reading(x)) → lab_ready(x))""]",[1],"{""type"": ""fol"", ""steps"": [""Fact: ∃x ¬lab_ready(x)"", ""Derive: a water sample that is not lab_ready exists ⟹ ¬∀x lab_ready(x)"", ""Conclusion: not all water samples are lab_ready ⟹ No""]}",train
SYN_firmware_b_UNC_MISSING,0,4,Do the premises establish that firmware build Tundra-5 is release-listed?,"[""If a build has a passing unit test and a security scan, then it is staging-ready."", ""If a build is staging-ready and has a signed binary, then it is release-listed."", ""Firmware build Tundra-5 has a passing unit test."", ""Firmware build Tundra-5 has a security scan."", ""Firmware build Tundra-5 has a changelog.""]","[""Yes"", ""No"", ""Uncertain""]",Uncertain,Uncertain,"By premise 2 (firmware build Tundra-5 has a passing unit test) and premise 3 (firmware build Tundra-5 has a security scan), premise 0 gives that firmware build Tundra-5 is staging-ready. Premise 1 makes being release-listed also require a signed binary, but no premise states whether firmware build Tundra-5 has a signed binary, so it is unknown. Therefore being release-listed can be neither proven nor disproven; the answer is Uncertain.","[""∀x ((passing_unit_test(x) ∧ security_scan(x)) → staging_ready(x))"", ""∀x ((staging_ready(x) ∧ signed_binary(x)) → release_listed(x))"", ""passing_unit_test(firmware_build_tundra_5)"", ""security_scan(firmware_build_tundra_5)"", ""changelog(firmware_build_tundra_5)""]","[0, 1, 2, 3]","{""type"": ""fol"", ""steps"": [""Rule: ∀x ((passing_unit_test(x) ∧ security_scan(x)) → staging_ready(x))"", ""Rule: ∀x ((staging_ready(x) ∧ signed_binary(x)) → release_listed(x))"", ""Fact: passing_unit_test(firmware_build_tundra_5)"", ""Fact: security_scan(firmware_build_tundra_5)"", ""Derive: passing_unit_test(firmware_build_tundra_5) ∧ security_scan(firmware_build_tundra_5) ⟹ staging_ready(firmware_build_tundra_5) [modus ponens]"", ""Derive: signed_binary(firmware_build_tundra_5) is not asserted by any premise ⟹ Unknown"", ""Conclusion: release_listed(firmware_build_tundra_5) can be neither proven nor refuted ⟹ Uncertain""]}",train
SYN_firmware_b_UNC_EPIST,0,1,Does firmware build Tundra-5 have a beta flag?,"[""If a build has a passing unit test and a security scan, then it is staging-ready."", ""Firmware build Tundra-5 has a passing unit test."", ""Firmware build Tundra-5 has a security scan."", ""No premise states whether firmware build Tundra-5 has a beta flag.""]","[""Yes"", ""No"", ""Uncertain""]",Uncertain,Uncertain,"The question asks whether firmware build Tundra-5 has a beta flag. No rule concludes it and no fact asserts it; premise 3 states that no premise establishes whether firmware build Tundra-5 has a beta flag, so it is unknown. It can be neither proven nor disproven; the answer is Uncertain.","[""∀x ((passing_unit_test(x) ∧ security_scan(x)) → staging_ready(x))"", ""passing_unit_test(firmware_build_tundra_5)"", ""security_scan(firmware_build_tundra_5)"", ""[UNCERTAIN] No premise states whether firmware build Tundra-5 has a beta flag.""]",[3],"{""type"": ""fol"", ""steps"": [""Fact: premise 3 states beta_flag(firmware_build_tundra_5) is unknown"", ""Derive: no rule or fact establishes beta_flag(firmware_build_tundra_5) ⟹ Unknown"", ""Conclusion: beta_flag(firmware_build_tundra_5) is undetermined ⟹ Uncertain""]}",train
SYN_firmware_b_NO_BLOCKED,0,3,Can firmware build Tundra-5 be shipped to devices?,"[""If a build has a passing unit test and a security scan, then it can be shipped to devices."", ""Firmware build Tundra-5 has a passing unit test."", ""Firmware build Tundra-5 lacks a security scan.""]","[""Yes"", ""No"", ""Uncertain""]",No,No,"Premise 0 requires both a passing unit test and a security scan to be shipped to devices. By premise 1, firmware build Tundra-5 has a passing unit test, but premise 2 states firmware build Tundra-5 lacks a security scan. A required condition is explicitly false, so firmware build Tundra-5 cannot be shipped to devices; the answer is No.","[""∀x ((passing_unit_test(x) ∧ security_scan(x)) → can_be_shipped_to_devices(x))"", ""passing_unit_test(firmware_build_tundra_5)"", ""¬security_scan(firmware_build_tundra_5)""]","[0, 1, 2]","{""type"": ""fol"", ""steps"": [""Rule: ∀x ((passing_unit_test(x) ∧ security_scan(x)) → can_be_shipped_to_devices(x))"", ""Fact: passing_unit_test(firmware_build_tundra_5)"", ""Fact: ¬security_scan(firmware_build_tundra_5)"", ""Derive: ¬security_scan(firmware_build_tundra_5) makes the antecedent false ⟹ can_be_shipped_to_devices(firmware_build_tundra_5) not derivable"", ""Conclusion: ¬can_be_shipped_to_devices(firmware_build_tundra_5) ⟹ No""]}",train
SYN_firmware_b_NO_CONTRA,0,3,Do the premises establish that firmware build Tundra-5 should be shipped to devices?,"[""If a build has a passing unit test, then it requires a rollback hold."", ""If a build requires a rollback hold, then it should not be shipped to devices without review."", ""Firmware build Tundra-5 has a passing unit test.""]","[""Yes"", ""No"", ""Uncertain""]",No,No,"By premise 2 (firmware build Tundra-5 has a passing unit test) and premise 0, firmware build Tundra-5 requires a rollback hold. Premise 1 then states firmware build Tundra-5 should not be shipped to devices without review. Therefore the premises do not establish that firmware build Tundra-5 should be shipped to devices; the answer is No.","[""∀x (passing_unit_test(x) → requires_rollback_hold(x))"", ""∀x (requires_rollback_hold(x) → ¬(can_be_shipped_to_devices(x) ∧ ¬reviewed(x)))"", ""passing_unit_test(firmware_build_tundra_5)""]","[0, 1, 2]","{""type"": ""fol"", ""steps"": [""Rule: ∀x (passing_unit_test(x) → requires_rollback_hold(x))"", ""Rule: ∀x (requires_rollback_hold(x) → ¬(can_be_shipped_to_devices(x) ∧ ¬reviewed(x)))"", ""Fact: passing_unit_test(firmware_build_tundra_5)"", ""Derive: passing_unit_test(firmware_build_tundra_5) ⟹ requires_rollback_hold(firmware_build_tundra_5) [modus ponens]"", ""Derive: requires_rollback_hold(firmware_build_tundra_5) ⟹ ¬(can_be_shipped_to_devices(firmware_build_tundra_5) ∧ ¬reviewed(firmware_build_tundra_5)) [modus ponens]"", ""Conclusion: the premises do not establish can_be_shipped_to_devices(firmware_build_tundra_5) ⟹ No""]}",train
SYN_firmware_b_NO_COUNTER,0,1,Are all builds staging-ready?,"[""Every build has a passing unit test."", ""There exists a build that is not staging-ready."", ""If a build has a passing unit test and a security scan, then it is staging-ready.""]","[""Yes"", ""No"", ""Uncertain""]",No,No,Premise 1 states there exists a build that is not staging-ready. This is a direct counterexample to the claim that all builds are staging-ready; the answer is No.,"[""∀x passing_unit_test(x)"", ""∃x ¬staging_ready(x)"", ""∀x ((passing_unit_test(x) ∧ security_scan(x)) → staging_ready(x))""]",[1],"{""type"": ""fol"", ""steps"": [""Fact: ∃x ¬staging_ready(x)"", ""Derive: a build that is not staging_ready exists ⟹ ¬∀x staging_ready(x)"", ""Conclusion: not all builds are staging_ready ⟹ No""]}",train
SYN_enrollee_r_UNC_MISSING,0,4,Do the premises establish that enrollee Ramos is cohort-listed?,"[""If a enrollee has a signed consent and a baseline screening, then it is intake-ready."", ""If a enrollee is intake-ready and has an eligibility check, then it is cohort-listed."", ""Enrollee Ramos has a signed consent."", ""Enrollee Ramos has a baseline screening."", ""Enrollee Ramos has a contact card.""]","[""Yes"", ""No"", ""Uncertain""]",Uncertain,Uncertain,"By premise 2 (enrollee Ramos has a signed consent) and premise 3 (enrollee Ramos has a baseline screening), premise 0 gives that enrollee Ramos is intake-ready. Premise 1 makes being cohort-listed also require an eligibility check, but no premise states whether enrollee Ramos has an eligibility check, so it is unknown. Therefore being cohort-listed can be neither proven nor disproven; the answer is Uncertain.","[""∀x ((signed_consent(x) ∧ baseline_screening(x)) → intake_ready(x))"", ""∀x ((intake_ready(x) ∧ eligibility_check(x)) → cohort_listed(x))"", ""signed_consent(enrollee_ramos)"", ""baseline_screening(enrollee_ramos)"", ""contact_card(enrollee_ramos)""]","[0, 1, 2, 3]","{""type"": ""fol"", ""steps"": [""Rule: ∀x ((signed_consent(x) ∧ baseline_screening(x)) → intake_ready(x))"", ""Rule: ∀x ((intake_ready(x) ∧ eligibility_check(x)) → cohort_listed(x))"", ""Fact: signed_consent(enrollee_ramos)"", ""Fact: baseline_screening(enrollee_ramos)"", ""Derive: signed_consent(enrollee_ramos) ∧ baseline_screening(enrollee_ramos) ⟹ intake_ready(enrollee_ramos) [modus ponens]"", ""Derive: eligibility_check(enrollee_ramos) is not asserted by any premise ⟹ Unknown"", ""Conclusion: cohort_listed(enrollee_ramos) can be neither proven nor refuted ⟹ Uncertain""]}",train
SYN_enrollee_r_UNC_EPIST,0,1,Does enrollee Ramos have a travel stipend?,"[""If a enrollee has a signed consent and a baseline screening, then it is intake-ready."", ""Enrollee Ramos has a signed consent."", ""Enrollee Ramos has a baseline screening."", ""No premise states whether enrollee Ramos has a travel stipend.""]","[""Yes"", ""No"", ""Uncertain""]",Uncertain,Uncertain,"The question asks whether enrollee Ramos has a travel stipend. No rule concludes it and no fact asserts it; premise 3 states that no premise establishes whether enrollee Ramos has a travel stipend, so it is unknown. It can be neither proven nor disproven; the answer is Uncertain.","[""∀x ((signed_consent(x) ∧ baseline_screening(x)) → intake_ready(x))"", ""signed_consent(enrollee_ramos)"", ""baseline_screening(enrollee_ramos)"", ""[UNCERTAIN] No premise states whether enrollee Ramos has a travel stipend.""]",[3],"{""type"": ""fol"", ""steps"": [""Fact: premise 3 states travel_stipend(enrollee_ramos) is unknown"", ""Derive: no rule or fact establishes travel_stipend(enrollee_ramos) ⟹ Unknown"", ""Conclusion: travel_stipend(enrollee_ramos) is undetermined ⟹ Uncertain""]}",train
SYN_enrollee_r_NO_BLOCKED,0,3,Can enrollee Ramos begin the program?,"[""If a enrollee has a signed consent and a baseline screening, then it can begin the program."", ""Enrollee Ramos has a signed consent."", ""Enrollee Ramos lacks a baseline screening.""]","[""Yes"", ""No"", ""Uncertain""]",No,No,"Premise 0 requires both a signed consent and a baseline screening to begin the program. By premise 1, enrollee Ramos has a signed consent, but premise 2 states enrollee Ramos lacks a baseline screening. A required condition is explicitly false, so enrollee Ramos cannot begin the program; the answer is No.","[""∀x ((signed_consent(x) ∧ baseline_screening(x)) → can_begin_the_program(x))"", ""signed_consent(enrollee_ramos)"", ""¬baseline_screening(enrollee_ramos)""]","[0, 1, 2]","{""type"": ""fol"", ""steps"": [""Rule: ∀x ((signed_consent(x) ∧ baseline_screening(x)) → can_begin_the_program(x))"", ""Fact: signed_consent(enrollee_ramos)"", ""Fact: ¬baseline_screening(enrollee_ramos)"", ""Derive: ¬baseline_screening(enrollee_ramos) makes the antecedent false ⟹ can_begin_the_program(enrollee_ramos) not derivable"", ""Conclusion: ¬can_begin_the_program(enrollee_ramos) ⟹ No""]}",train
SYN_enrollee_r_NO_CONTRA,0,3,Do the premises establish that enrollee Ramos should begin the program?,"[""If a enrollee has a signed consent, then it requires a safety review."", ""If a enrollee requires a safety review, then it should not begin the program without review."", ""Enrollee Ramos has a signed consent.""]","[""Yes"", ""No"", ""Uncertain""]",No,No,"By premise 2 (enrollee Ramos has a signed consent) and premise 0, enrollee Ramos requires a safety review. Premise 1 then states enrollee Ramos should not begin the program without review. Therefore the premises do not establish that enrollee Ramos should begin the program; the answer is No.","[""∀x (signed_consent(x) → requires_safety_review(x))"", ""∀x (requires_safety_review(x) → ¬(can_begin_the_program(x) ∧ ¬reviewed(x)))"", ""signed_consent(enrollee_ramos)""]","[0, 1, 2]","{""type"": ""fol"", ""steps"": [""Rule: ∀x (signed_consent(x) → requires_safety_review(x))"", ""Rule: ∀x (requires_safety_review(x) → ¬(can_begin_the_program(x) ∧ ¬reviewed(x)))"", ""Fact: signed_consent(enrollee_ramos)"", ""Derive: signed_consent(enrollee_ramos) ⟹ requires_safety_review(enrollee_ramos) [modus ponens]"", ""Derive: requires_safety_review(enrollee_ramos) ⟹ ¬(can_begin_the_program(enrollee_ramos) ∧ ¬reviewed(enrollee_ramos)) [modus ponens]"", ""Conclusion: the premises do not establish can_begin_the_program(enrollee_ramos) ⟹ No""]}",train
SYN_enrollee_r_NO_COUNTER,0,1,Are all enrollees intake-ready?,"[""Every enrollee has a signed consent."", ""There exists a enrollee that is not intake-ready."", ""If a enrollee has a signed consent and a baseline screening, then it is intake-ready.""]","[""Yes"", ""No"", ""Uncertain""]",No,No,Premise 1 states there exists a enrollee that is not intake-ready. This is a direct counterexample to the claim that all enrollees are intake-ready; the answer is No.,"[""∀x signed_consent(x)"", ""∃x ¬intake_ready(x)"", ""∀x ((signed_consent(x) ∧ baseline_screening(x)) → intake_ready(x))""]",[1],"{""type"": ""fol"", ""steps"": [""Fact: ∃x ¬intake_ready(x)"", ""Derive: a enrollee that is not intake_ready exists ⟹ ¬∀x intake_ready(x)"", ""Conclusion: not all enrollees are intake_ready ⟹ No""]}",train
SYN_permit_cob_UNC_MISSING,0,4,Do the premises establish that permit Cobalt-4 is registry-listed?,"[""If a permit has a site plan and a fire-safety sign-off, then it is filing-ready."", ""If a permit is filing-ready and has a paid fee, then it is registry-listed."", ""Permit Cobalt-4 has a site plan."", ""Permit Cobalt-4 has a fire-safety sign-off."", ""Permit Cobalt-4 has a zoning note.""]","[""Yes"", ""No"", ""Uncertain""]",Uncertain,Uncertain,"By premise 2 (permit Cobalt-4 has a site plan) and premise 3 (permit Cobalt-4 has a fire-safety sign-off), premise 0 gives that permit Cobalt-4 is filing-ready. Premise 1 makes being registry-listed also require a paid fee, but no premise states whether permit Cobalt-4 has a paid fee, so it is unknown. Therefore being registry-listed can be neither proven nor disproven; the answer is Uncertain.","[""∀x ((site_plan(x) ∧ fire_safety_sign_off(x)) → filing_ready(x))"", ""∀x ((filing_ready(x) ∧ paid_fee(x)) → registry_listed(x))"", ""site_plan(permit_cobalt_4)"", ""fire_safety_sign_off(permit_cobalt_4)"", ""zoning_note(permit_cobalt_4)""]","[0, 1, 2, 3]","{""type"": ""fol"", ""steps"": [""Rule: ∀x ((site_plan(x) ∧ fire_safety_sign_off(x)) → filing_ready(x))"", ""Rule: ∀x ((filing_ready(x) ∧ paid_fee(x)) → registry_listed(x))"", ""Fact: site_plan(permit_cobalt_4)"", ""Fact: fire_safety_sign_off(permit_cobalt_4)"", ""Derive: site_plan(permit_cobalt_4) ∧ fire_safety_sign_off(permit_cobalt_4) ⟹ filing_ready(permit_cobalt_4) [modus ponens]"", ""Derive: paid_fee(permit_cobalt_4) is not asserted by any premise ⟹ Unknown"", ""Conclusion: registry_listed(permit_cobalt_4) can be neither proven nor refuted ⟹ Uncertain""]}",train
SYN_permit_cob_UNC_EPIST,0,1,Does permit Cobalt-4 have a historic-district exemption?,"[""If a permit has a site plan and a fire-safety sign-off, then it is filing-ready."", ""Permit Cobalt-4 has a site plan."", ""Permit Cobalt-4 has a fire-safety sign-off."", ""No premise states whether permit Cobalt-4 has a historic-district exemption.""]","[""Yes"", ""No"", ""Uncertain""]",Uncertain,Uncertain,"The question asks whether permit Cobalt-4 has a historic-district exemption. No rule concludes it and no fact asserts it; premise 3 states that no premise establishes whether permit Cobalt-4 has a historic-district exemption, so it is unknown. It can be neither proven nor disproven; the answer is Uncertain.","[""∀x ((site_plan(x) ∧ fire_safety_sign_off(x)) → filing_ready(x))"", ""site_plan(permit_cobalt_4)"", ""fire_safety_sign_off(permit_cobalt_4)"", ""[UNCERTAIN] No premise states whether permit Cobalt-4 has a historic-district exemption.""]",[3],"{""type"": ""fol"", ""steps"": [""Fact: premise 3 states historic_district_exemption(permit_cobalt_4) is unknown"", ""Derive: no rule or fact establishes historic_district_exemption(permit_cobalt_4) ⟹ Unknown"", ""Conclusion: historic_district_exemption(permit_cobalt_4) is undetermined ⟹ Uncertain""]}",train
SYN_permit_cob_NO_BLOCKED,0,3,Can permit Cobalt-4 be issued?,"[""If a permit has a site plan and a fire-safety sign-off, then it can be issued."", ""Permit Cobalt-4 has a site plan."", ""Permit Cobalt-4 lacks a fire-safety sign-off.""]","[""Yes"", ""No"", ""Uncertain""]",No,No,"Premise 0 requires both a site plan and a fire-safety sign-off to be issued. By premise 1, permit Cobalt-4 has a site plan, but premise 2 states permit Cobalt-4 lacks a fire-safety sign-off. A required condition is explicitly false, so permit Cobalt-4 cannot be issued; the answer is No.","[""∀x ((site_plan(x) ∧ fire_safety_sign_off(x)) → can_be_issued(x))"", ""site_plan(permit_cobalt_4)"", ""¬fire_safety_sign_off(permit_cobalt_4)""]","[0, 1, 2]","{""type"": ""fol"", ""steps"": [""Rule: ∀x ((site_plan(x) ∧ fire_safety_sign_off(x)) → can_be_issued(x))"", ""Fact: site_plan(permit_cobalt_4)"", ""Fact: ¬fire_safety_sign_off(permit_cobalt_4)"", ""Derive: ¬fire_safety_sign_off(permit_cobalt_4) makes the antecedent false ⟹ can_be_issued(permit_cobalt_4) not derivable"", ""Conclusion: ¬can_be_issued(permit_cobalt_4) ⟹ No""]}",train
SYN_permit_cob_NO_CONTRA,0,3,Do the premises establish that permit Cobalt-4 should be issued?,"[""If a permit has a site plan, then it requires a compliance hold."", ""If a permit requires a compliance hold, then it should not be issued without review."", ""Permit Cobalt-4 has a site plan.""]","[""Yes"", ""No"", ""Uncertain""]",No,No,"By premise 2 (permit Cobalt-4 has a site plan) and premise 0, permit Cobalt-4 requires a compliance hold. Premise 1 then states permit Cobalt-4 should not be issued without review. Therefore the premises do not establish that permit Cobalt-4 should be issued; the answer is No.","[""∀x (site_plan(x) → requires_compliance_hold(x))"", ""∀x (requires_compliance_hold(x) → ¬(can_be_issued(x) ∧ ¬reviewed(x)))"", ""site_plan(permit_cobalt_4)""]","[0, 1, 2]","{""type"": ""fol"", ""steps"": [""Rule: ∀x (site_plan(x) → requires_compliance_hold(x))"", ""Rule: ∀x (requires_compliance_hold(x) → ¬(can_be_issued(x) ∧ ¬reviewed(x)))"", ""Fact: site_plan(permit_cobalt_4)"", ""Derive: site_plan(permit_cobalt_4) ⟹ requires_compliance_hold(permit_cobalt_4) [modus ponens]"", ""Derive: requires_compliance_hold(permit_cobalt_4) ⟹ ¬(can_be_issued(permit_cobalt_4) ∧ ¬reviewed(permit_cobalt_4)) [modus ponens]"", ""Conclusion: the premises do not establish can_be_issued(permit_cobalt_4) ⟹ No""]}",train
SYN_permit_cob_NO_COUNTER,0,1,Are all permits filing-ready?,"[""Every permit has a site plan."", ""There exists a permit that is not filing-ready."", ""If a permit has a site plan and a fire-safety sign-off, then it is filing-ready.""]","[""Yes"", ""No"", ""Uncertain""]",No,No,Premise 1 states there exists a permit that is not filing-ready. This is a direct counterexample to the claim that all permits are filing-ready; the answer is No.,"[""∀x site_plan(x)"", ""∃x ¬filing_ready(x)"", ""∀x ((site_plan(x) ∧ fire_safety_sign_off(x)) → filing_ready(x))""]",[1],"{""type"": ""fol"", ""steps"": [""Fact: ∃x ¬filing_ready(x)"", ""Derive: a permit that is not filing_ready exists ⟹ ¬∀x filing_ready(x)"", ""Conclusion: not all permits are filing_ready ⟹ No""]}",train
SYN_apprentice_UNC_MISSING,0,4,Do the premises establish that apprentice Noor is roster-listed?,"[""If a apprentice has a completed orientation and a mentor assignment, then it is floor-ready."", ""If a apprentice is floor-ready and has a tools checkout, then it is roster-listed."", ""Apprentice Noor has a completed orientation."", ""Apprentice Noor has a mentor assignment."", ""Apprentice Noor has a locker.""]","[""Yes"", ""No"", ""Uncertain""]",Uncertain,Uncertain,"By premise 2 (apprentice Noor has a completed orientation) and premise 3 (apprentice Noor has a mentor assignment), premise 0 gives that apprentice Noor is floor-ready. Premise 1 makes being roster-listed also require a tools checkout, but no premise states whether apprentice Noor has a tools checkout, so it is unknown. Therefore being roster-listed can be neither proven nor disproven; the answer is Uncertain.","[""∀x ((completed_orientation(x) ∧ mentor_assignment(x)) → floor_ready(x))"", ""∀x ((floor_ready(x) ∧ tools_checkout(x)) → roster_listed(x))"", ""completed_orientation(apprentice_noor)"", ""mentor_assignment(apprentice_noor)"", ""locker(apprentice_noor)""]","[0, 1, 2, 3]","{""type"": ""fol"", ""steps"": [""Rule: ∀x ((completed_orientation(x) ∧ mentor_assignment(x)) → floor_ready(x))"", ""Rule: ∀x ((floor_ready(x) ∧ tools_checkout(x)) → roster_listed(x))"", ""Fact: completed_orientation(apprentice_noor)"", ""Fact: mentor_assignment(apprentice_noor)"", ""Derive: completed_orientation(apprentice_noor) ∧ mentor_assignment(apprentice_noor) ⟹ floor_ready(apprentice_noor) [modus ponens]"", ""Derive: tools_checkout(apprentice_noor) is not asserted by any premise ⟹ Unknown"", ""Conclusion: roster_listed(apprentice_noor) can be neither proven nor refuted ⟹ Uncertain""]}",dev
SYN_apprentice_UNC_EPIST,0,1,Does apprentice Noor have a forklift license?,"[""If a apprentice has a completed orientation and a mentor assignment, then it is floor-ready."", ""Apprentice Noor has a completed orientation."", ""Apprentice Noor has a mentor assignment."", ""No premise states whether apprentice Noor has a forklift license.""]","[""Yes"", ""No"", ""Uncertain""]",Uncertain,Uncertain,"The question asks whether apprentice Noor has a forklift license. No rule concludes it and no fact asserts it; premise 3 states that no premise establishes whether apprentice Noor has a forklift license, so it is unknown. It can be neither proven nor disproven; the answer is Uncertain.","[""∀x ((completed_orientation(x) ∧ mentor_assignment(x)) → floor_ready(x))"", ""completed_orientation(apprentice_noor)"", ""mentor_assignment(apprentice_noor)"", ""[UNCERTAIN] No premise states whether apprentice Noor has a forklift license.""]",[3],"{""type"": ""fol"", ""steps"": [""Fact: premise 3 states forklift_license(apprentice_noor) is unknown"", ""Derive: no rule or fact establishes forklift_license(apprentice_noor) ⟹ Unknown"", ""Conclusion: forklift_license(apprentice_noor) is undetermined ⟹ Uncertain""]}",dev
SYN_apprentice_NO_BLOCKED,0,3,Can apprentice Noor start unsupervised shifts?,"[""If a apprentice has a completed orientation and a mentor assignment, then it can start unsupervised shifts."", ""Apprentice Noor has a completed orientation."", ""Apprentice Noor lacks a mentor assignment.""]","[""Yes"", ""No"", ""Uncertain""]",No,No,"Premise 0 requires both a completed orientation and a mentor assignment to start unsupervised shifts. By premise 1, apprentice Noor has a completed orientation, but premise 2 states apprentice Noor lacks a mentor assignment. A required condition is explicitly false, so apprentice Noor cannot start unsupervised shifts; the answer is No.","[""∀x ((completed_orientation(x) ∧ mentor_assignment(x)) → can_start_unsupervised_shifts(x))"", ""completed_orientation(apprentice_noor)"", ""¬mentor_assignment(apprentice_noor)""]","[0, 1, 2]","{""type"": ""fol"", ""steps"": [""Rule: ∀x ((completed_orientation(x) ∧ mentor_assignment(x)) → can_start_unsupervised_shifts(x))"", ""Fact: completed_orientation(apprentice_noor)"", ""Fact: ¬mentor_assignment(apprentice_noor)"", ""Derive: ¬mentor_assignment(apprentice_noor) makes the antecedent false ⟹ can_start_unsupervised_shifts(apprentice_noor) not derivable"", ""Conclusion: ¬can_start_unsupervised_shifts(apprentice_noor) ⟹ No""]}",dev
SYN_apprentice_NO_CONTRA,0,3,Do the premises establish that apprentice Noor should start unsupervised shifts?,"[""If a apprentice has a completed orientation, then it requires a probation review."", ""If a apprentice requires a probation review, then it should not start unsupervised shifts without review."", ""Apprentice Noor has a completed orientation.""]","[""Yes"", ""No"", ""Uncertain""]",No,No,"By premise 2 (apprentice Noor has a completed orientation) and premise 0, apprentice Noor requires a probation review. Premise 1 then states apprentice Noor should not start unsupervised shifts without review. Therefore the premises do not establish that apprentice Noor should start unsupervised shifts; the answer is No.","[""∀x (completed_orientation(x) → requires_probation_review(x))"", ""∀x (requires_probation_review(x) → ¬(can_start_unsupervised_shifts(x) ∧ ¬reviewed(x)))"", ""completed_orientation(apprentice_noor)""]","[0, 1, 2]","{""type"": ""fol"", ""steps"": [""Rule: ∀x (completed_orientation(x) → requires_probation_review(x))"", ""Rule: ∀x (requires_probation_review(x) → ¬(can_start_unsupervised_shifts(x) ∧ ¬reviewed(x)))"", ""Fact: completed_orientation(apprentice_noor)"", ""Derive: completed_orientation(apprentice_noor) ⟹ requires_probation_review(apprentice_noor) [modus ponens]"", ""Derive: requires_probation_review(apprentice_noor) ⟹ ¬(can_start_unsupervised_shifts(apprentice_noor) ∧ ¬reviewed(apprentice_noor)) [modus ponens]"", ""Conclusion: the premises do not establish can_start_unsupervised_shifts(apprentice_noor) ⟹ No""]}",dev
SYN_apprentice_NO_COUNTER,0,1,Are all apprentices floor-ready?,"[""Every apprentice has a completed orientation."", ""There exists a apprentice that is not floor-ready."", ""If a apprentice has a completed orientation and a mentor assignment, then it is floor-ready.""]","[""Yes"", ""No"", ""Uncertain""]",No,No,Premise 1 states there exists a apprentice that is not floor-ready. This is a direct counterexample to the claim that all apprentices are floor-ready; the answer is No.,"[""∀x completed_orientation(x)"", ""∃x ¬floor_ready(x)"", ""∀x ((completed_orientation(x) ∧ mentor_assignment(x)) → floor_ready(x))""]",[1],"{""type"": ""fol"", ""steps"": [""Fact: ∃x ¬floor_ready(x)"", ""Derive: a apprentice that is not floor_ready exists ⟹ ¬∀x floor_ready(x)"", ""Conclusion: not all apprentices are floor_ready ⟹ No""]}",dev
SYN_shipment_s_UNC_MISSING,0,4,Do the premises establish that shipment Saffron-2 is ledger-listed?,"[""If a shipment has a cold-chain log and an invoice, then it is transit-ready."", ""If a shipment is transit-ready and has a recipient signature, then it is ledger-listed."", ""Shipment Saffron-2 has a cold-chain log."", ""Shipment Saffron-2 has an invoice."", ""Shipment Saffron-2 has a tracking tag.""]","[""Yes"", ""No"", ""Uncertain""]",Uncertain,Uncertain,"By premise 2 (shipment Saffron-2 has a cold-chain log) and premise 3 (shipment Saffron-2 has an invoice), premise 0 gives that shipment Saffron-2 is transit-ready. Premise 1 makes being ledger-listed also require a recipient signature, but no premise states whether shipment Saffron-2 has a recipient signature, so it is unknown. Therefore being ledger-listed can be neither proven nor disproven; the answer is Uncertain.","[""∀x ((cold_chain_log(x) ∧ invoice(x)) → transit_ready(x))"", ""∀x ((transit_ready(x) ∧ recipient_signature(x)) → ledger_listed(x))"", ""cold_chain_log(shipment_saffron_2)"", ""invoice(shipment_saffron_2)"", ""tracking_tag(shipment_saffron_2)""]","[0, 1, 2, 3]","{""type"": ""fol"", ""steps"": [""Rule: ∀x ((cold_chain_log(x) ∧ invoice(x)) → transit_ready(x))"", ""Rule: ∀x ((transit_ready(x) ∧ recipient_signature(x)) → ledger_listed(x))"", ""Fact: cold_chain_log(shipment_saffron_2)"", ""Fact: invoice(shipment_saffron_2)"", ""Derive: cold_chain_log(shipment_saffron_2) ∧ invoice(shipment_saffron_2) ⟹ transit_ready(shipment_saffron_2) [modus ponens]"", ""Derive: recipient_signature(shipment_saffron_2) is not asserted by any premise ⟹ Unknown"", ""Conclusion: ledger_listed(shipment_saffron_2) can be neither proven nor refuted ⟹ Uncertain""]}",dev
SYN_shipment_s_UNC_EPIST,0,1,Does shipment Saffron-2 have an insurance rider?,"[""If a shipment has a cold-chain log and an invoice, then it is transit-ready."", ""Shipment Saffron-2 has a cold-chain log."", ""Shipment Saffron-2 has an invoice."", ""No premise states whether shipment Saffron-2 has an insurance rider.""]","[""Yes"", ""No"", ""Uncertain""]",Uncertain,Uncertain,"The question asks whether shipment Saffron-2 has an insurance rider. No rule concludes it and no fact asserts it; premise 3 states that no premise establishes whether shipment Saffron-2 has an insurance rider, so it is unknown. It can be neither proven nor disproven; the answer is Uncertain.","[""∀x ((cold_chain_log(x) ∧ invoice(x)) → transit_ready(x))"", ""cold_chain_log(shipment_saffron_2)"", ""invoice(shipment_saffron_2)"", ""[UNCERTAIN] No premise states whether shipment Saffron-2 has an insurance rider.""]",[3],"{""type"": ""fol"", ""steps"": [""Fact: premise 3 states insurance_rider(shipment_saffron_2) is unknown"", ""Derive: no rule or fact establishes insurance_rider(shipment_saffron_2) ⟹ Unknown"", ""Conclusion: insurance_rider(shipment_saffron_2) is undetermined ⟹ Uncertain""]}",dev
SYN_shipment_s_NO_BLOCKED,0,3,Can shipment Saffron-2 be released for delivery?,"[""If a shipment has a cold-chain log and an invoice, then it can be released for delivery."", ""Shipment Saffron-2 has a cold-chain log."", ""Shipment Saffron-2 lacks an invoice.""]","[""Yes"", ""No"", ""Uncertain""]",No,No,"Premise 0 requires both a cold-chain log and an invoice to be released for delivery. By premise 1, shipment Saffron-2 has a cold-chain log, but premise 2 states shipment Saffron-2 lacks an invoice. A required condition is explicitly false, so shipment Saffron-2 cannot be released for delivery; the answer is No.","[""∀x ((cold_chain_log(x) ∧ invoice(x)) → can_be_released_for_delivery(x))"", ""cold_chain_log(shipment_saffron_2)"", ""¬invoice(shipment_saffron_2)""]","[0, 1, 2]","{""type"": ""fol"", ""steps"": [""Rule: ∀x ((cold_chain_log(x) ∧ invoice(x)) → can_be_released_for_delivery(x))"", ""Fact: cold_chain_log(shipment_saffron_2)"", ""Fact: ¬invoice(shipment_saffron_2)"", ""Derive: ¬invoice(shipment_saffron_2) makes the antecedent false ⟹ can_be_released_for_delivery(shipment_saffron_2) not derivable"", ""Conclusion: ¬can_be_released_for_delivery(shipment_saffron_2) ⟹ No""]}",dev
SYN_shipment_s_NO_CONTRA,0,3,Do the premises establish that shipment Saffron-2 should be released for delivery?,"[""If a shipment has a cold-chain log, then it requires a hold-for-pickup order."", ""If a shipment requires a hold-for-pickup order, then it should not be released for delivery without review."", ""Shipment Saffron-2 has a cold-chain log.""]","[""Yes"", ""No"", ""Uncertain""]",No,No,"By premise 2 (shipment Saffron-2 has a cold-chain log) and premise 0, shipment Saffron-2 requires a hold-for-pickup order. Premise 1 then states shipment Saffron-2 should not be released for delivery without review. Therefore the premises do not establish that shipment Saffron-2 should be released for delivery; the answer is No.","[""∀x (cold_chain_log(x) → requires_hold_for_pickup_order(x))"", ""∀x (requires_hold_for_pickup_order(x) → ¬(can_be_released_for_delivery(x) ∧ ¬reviewed(x)))"", ""cold_chain_log(shipment_saffron_2)""]","[0, 1, 2]","{""type"": ""fol"", ""steps"": [""Rule: ∀x (cold_chain_log(x) → requires_hold_for_pickup_order(x))"", ""Rule: ∀x (requires_hold_for_pickup_order(x) → ¬(can_be_released_for_delivery(x) ∧ ¬reviewed(x)))"", ""Fact: cold_chain_log(shipment_saffron_2)"", ""Derive: cold_chain_log(shipment_saffron_2) ⟹ requires_hold_for_pickup_order(shipment_saffron_2) [modus ponens]"", ""Derive: requires_hold_for_pickup_order(shipment_saffron_2) ⟹ ¬(can_be_released_for_delivery(shipment_saffron_2) ∧ ¬reviewed(shipment_saffron_2)) [modus ponens]"", ""Conclusion: the premises do not establish can_be_released_for_delivery(shipment_saffron_2) ⟹ No""]}",dev
SYN_shipment_s_NO_COUNTER,0,1,Are all shipments transit-ready?,"[""Every shipment has a cold-chain log."", ""There exists a shipment that is not transit-ready."", ""If a shipment has a cold-chain log and an invoice, then it is transit-ready.""]","[""Yes"", ""No"", ""Uncertain""]",No,No,Premise 1 states there exists a shipment that is not transit-ready. This is a direct counterexample to the claim that all shipments are transit-ready; the answer is No.,"[""∀x cold_chain_log(x)"", ""∃x ¬transit_ready(x)"", ""∀x ((cold_chain_log(x) ∧ invoice(x)) → transit_ready(x))""]",[1],"{""type"": ""fol"", ""steps"": [""Fact: ∃x ¬transit_ready(x)"", ""Derive: a shipment that is not transit_ready exists ⟹ ¬∀x transit_ready(x)"", ""Conclusion: not all shipments are transit_ready ⟹ No""]}",dev
SYN_archive_ci_UNC_MISSING,0,4,Do the premises establish that archive Cinder-8 is vault-listed?,"[""If a archive has a verified backup and an integrity hash, then it is restore-ready."", ""If a archive is restore-ready and has an access policy, then it is vault-listed."", ""Archive Cinder-8 has a verified backup."", ""Archive Cinder-8 has an integrity hash."", ""Archive Cinder-8 has a retention tag.""]","[""Yes"", ""No"", ""Uncertain""]",Uncertain,Uncertain,"By premise 2 (archive Cinder-8 has a verified backup) and premise 3 (archive Cinder-8 has an integrity hash), premise 0 gives that archive Cinder-8 is restore-ready. Premise 1 makes being vault-listed also require an access policy, but no premise states whether archive Cinder-8 has an access policy, so it is unknown. Therefore being vault-listed can be neither proven nor disproven; the answer is Uncertain.","[""∀x ((verified_backup(x) ∧ integrity_hash(x)) → restore_ready(x))"", ""∀x ((restore_ready(x) ∧ access_policy(x)) → vault_listed(x))"", ""verified_backup(archive_cinder_8)"", ""integrity_hash(archive_cinder_8)"", ""retention_tag(archive_cinder_8)""]","[0, 1, 2, 3]","{""type"": ""fol"", ""steps"": [""Rule: ∀x ((verified_backup(x) ∧ integrity_hash(x)) → restore_ready(x))"", ""Rule: ∀x ((restore_ready(x) ∧ access_policy(x)) → vault_listed(x))"", ""Fact: verified_backup(archive_cinder_8)"", ""Fact: integrity_hash(archive_cinder_8)"", ""Derive: verified_backup(archive_cinder_8) ∧ integrity_hash(archive_cinder_8) ⟹ restore_ready(archive_cinder_8) [modus ponens]"", ""Derive: access_policy(archive_cinder_8) is not asserted by any premise ⟹ Unknown"", ""Conclusion: vault_listed(archive_cinder_8) can be neither proven nor refuted ⟹ Uncertain""]}",dev
SYN_archive_ci_UNC_EPIST,0,1,Does archive Cinder-8 have an offsite replica?,"[""If a archive has a verified backup and an integrity hash, then it is restore-ready."", ""Archive Cinder-8 has a verified backup."", ""Archive Cinder-8 has an integrity hash."", ""No premise states whether archive Cinder-8 has an offsite replica.""]","[""Yes"", ""No"", ""Uncertain""]",Uncertain,Uncertain,"The question asks whether archive Cinder-8 has an offsite replica. No rule concludes it and no fact asserts it; premise 3 states that no premise establishes whether archive Cinder-8 has an offsite replica, so it is unknown. It can be neither proven nor disproven; the answer is Uncertain.","[""∀x ((verified_backup(x) ∧ integrity_hash(x)) → restore_ready(x))"", ""verified_backup(archive_cinder_8)"", ""integrity_hash(archive_cinder_8)"", ""[UNCERTAIN] No premise states whether archive Cinder-8 has an offsite replica.""]",[3],"{""type"": ""fol"", ""steps"": [""Fact: premise 3 states offsite_replica(archive_cinder_8) is unknown"", ""Derive: no rule or fact establishes offsite_replica(archive_cinder_8) ⟹ Unknown"", ""Conclusion: offsite_replica(archive_cinder_8) is undetermined ⟹ Uncertain""]}",dev
SYN_archive_ci_NO_BLOCKED,0,3,Can archive Cinder-8 be restored to production?,"[""If a archive has a verified backup and an integrity hash, then it can be restored to production."", ""Archive Cinder-8 has a verified backup."", ""Archive Cinder-8 lacks an integrity hash.""]","[""Yes"", ""No"", ""Uncertain""]",No,No,"Premise 0 requires both a verified backup and an integrity hash to be restored to production. By premise 1, archive Cinder-8 has a verified backup, but premise 2 states archive Cinder-8 lacks an integrity hash. A required condition is explicitly false, so archive Cinder-8 cannot be restored to production; the answer is No.","[""∀x ((verified_backup(x) ∧ integrity_hash(x)) → can_be_restored_to_production(x))"", ""verified_backup(archive_cinder_8)"", ""¬integrity_hash(archive_cinder_8)""]","[0, 1, 2]","{""type"": ""fol"", ""steps"": [""Rule: ∀x ((verified_backup(x) ∧ integrity_hash(x)) → can_be_restored_to_production(x))"", ""Fact: verified_backup(archive_cinder_8)"", ""Fact: ¬integrity_hash(archive_cinder_8)"", ""Derive: ¬integrity_hash(archive_cinder_8) makes the antecedent false ⟹ can_be_restored_to_production(archive_cinder_8) not derivable"", ""Conclusion: ¬can_be_restored_to_production(archive_cinder_8) ⟹ No""]}",dev
SYN_archive_ci_NO_CONTRA,0,3,Do the premises establish that archive Cinder-8 should be restored to production?,"[""If a archive has a verified backup, then it requires a legal hold."", ""If a archive requires a legal hold, then it should not be restored to production without review."", ""Archive Cinder-8 has a verified backup.""]","[""Yes"", ""No"", ""Uncertain""]",No,No,"By premise 2 (archive Cinder-8 has a verified backup) and premise 0, archive Cinder-8 requires a legal hold. Premise 1 then states archive Cinder-8 should not be restored to production without review. Therefore the premises do not establish that archive Cinder-8 should be restored to production; the answer is No.","[""∀x (verified_backup(x) → requires_legal_hold(x))"", ""∀x (requires_legal_hold(x) → ¬(can_be_restored_to_production(x) ∧ ¬reviewed(x)))"", ""verified_backup(archive_cinder_8)""]","[0, 1, 2]","{""type"": ""fol"", ""steps"": [""Rule: ∀x (verified_backup(x) → requires_legal_hold(x))"", ""Rule: ∀x (requires_legal_hold(x) → ¬(can_be_restored_to_production(x) ∧ ¬reviewed(x)))"", ""Fact: verified_backup(archive_cinder_8)"", ""Derive: verified_backup(archive_cinder_8) ⟹ requires_legal_hold(archive_cinder_8) [modus ponens]"", ""Derive: requires_legal_hold(archive_cinder_8) ⟹ ¬(can_be_restored_to_production(archive_cinder_8) ∧ ¬reviewed(archive_cinder_8)) [modus ponens]"", ""Conclusion: the premises do not establish can_be_restored_to_production(archive_cinder_8) ⟹ No""]}",dev
SYN_archive_ci_NO_COUNTER,0,1,Are all archives restore-ready?,"[""Every archive has a verified backup."", ""There exists a archive that is not restore-ready."", ""If a archive has a verified backup and an integrity hash, then it is restore-ready.""]","[""Yes"", ""No"", ""Uncertain""]",No,No,Premise 1 states there exists a archive that is not restore-ready. This is a direct counterexample to the claim that all archives are restore-ready; the answer is No.,"[""∀x verified_backup(x)"", ""∃x ¬restore_ready(x)"", ""∀x ((verified_backup(x) ∧ integrity_hash(x)) → restore_ready(x))""]",[1],"{""type"": ""fol"", ""steps"": [""Fact: ∃x ¬restore_ready(x)"", ""Derive: a archive that is not restore_ready exists ⟹ ¬∀x restore_ready(x)"", ""Conclusion: not all archives are restore_ready ⟹ No""]}",dev
SYN_patent_fil_UNC_MISSING,0,4,Do the premises establish that patent filing Quill-6 is docket-listed?,"[""If a filing has a prior-art search and a claims draft, then it is examiner-ready."", ""If a filing is examiner-ready and has an inventor declaration, then it is docket-listed."", ""Patent filing Quill-6 has a prior-art search."", ""Patent filing Quill-6 has a claims draft."", ""Patent filing Quill-6 has a figure set.""]","[""Yes"", ""No"", ""Uncertain""]",Uncertain,Uncertain,"By premise 2 (patent filing Quill-6 has a prior-art search) and premise 3 (patent filing Quill-6 has a claims draft), premise 0 gives that patent filing Quill-6 is examiner-ready. Premise 1 makes being docket-listed also require an inventor declaration, but no premise states whether patent filing Quill-6 has an inventor declaration, so it is unknown. Therefore being docket-listed can be neither proven nor disproven; the answer is Uncertain.","[""∀x ((prior_art_search(x) ∧ claims_draft(x)) → examiner_ready(x))"", ""∀x ((examiner_ready(x) ∧ inventor_declaration(x)) → docket_listed(x))"", ""prior_art_search(patent_filing_quill_6)"", ""claims_draft(patent_filing_quill_6)"", ""figure_set(patent_filing_quill_6)""]","[0, 1, 2, 3]","{""type"": ""fol"", ""steps"": [""Rule: ∀x ((prior_art_search(x) ∧ claims_draft(x)) → examiner_ready(x))"", ""Rule: ∀x ((examiner_ready(x) ∧ inventor_declaration(x)) → docket_listed(x))"", ""Fact: prior_art_search(patent_filing_quill_6)"", ""Fact: claims_draft(patent_filing_quill_6)"", ""Derive: prior_art_search(patent_filing_quill_6) ∧ claims_draft(patent_filing_quill_6) ⟹ examiner_ready(patent_filing_quill_6) [modus ponens]"", ""Derive: inventor_declaration(patent_filing_quill_6) is not asserted by any premise ⟹ Unknown"", ""Conclusion: docket_listed(patent_filing_quill_6) can be neither proven nor refuted ⟹ Uncertain""]}",dev
SYN_patent_fil_UNC_EPIST,0,1,Does patent filing Quill-6 have a foreign priority claim?,"[""If a filing has a prior-art search and a claims draft, then it is examiner-ready."", ""Patent filing Quill-6 has a prior-art search."", ""Patent filing Quill-6 has a claims draft."", ""No premise states whether patent filing Quill-6 has a foreign priority claim.""]","[""Yes"", ""No"", ""Uncertain""]",Uncertain,Uncertain,"The question asks whether patent filing Quill-6 has a foreign priority claim. No rule concludes it and no fact asserts it; premise 3 states that no premise establishes whether patent filing Quill-6 has a foreign priority claim, so it is unknown. It can be neither proven nor disproven; the answer is Uncertain.","[""∀x ((prior_art_search(x) ∧ claims_draft(x)) → examiner_ready(x))"", ""prior_art_search(patent_filing_quill_6)"", ""claims_draft(patent_filing_quill_6)"", ""[UNCERTAIN] No premise states whether patent filing Quill-6 has a foreign priority claim.""]",[3],"{""type"": ""fol"", ""steps"": [""Fact: premise 3 states foreign_priority_claim(patent_filing_quill_6) is unknown"", ""Derive: no rule or fact establishes foreign_priority_claim(patent_filing_quill_6) ⟹ Unknown"", ""Conclusion: foreign_priority_claim(patent_filing_quill_6) is undetermined ⟹ Uncertain""]}",dev
SYN_patent_fil_NO_BLOCKED,0,3,Can patent filing Quill-6 proceed to examination?,"[""If a filing has a prior-art search and a claims draft, then it can proceed to examination."", ""Patent filing Quill-6 has a prior-art search."", ""Patent filing Quill-6 lacks a claims draft.""]","[""Yes"", ""No"", ""Uncertain""]",No,No,"Premise 0 requires both a prior-art search and a claims draft to proceed to examination. By premise 1, patent filing Quill-6 has a prior-art search, but premise 2 states patent filing Quill-6 lacks a claims draft. A required condition is explicitly false, so patent filing Quill-6 cannot proceed to examination; the answer is No.","[""∀x ((prior_art_search(x) ∧ claims_draft(x)) → can_proceed_to_examination(x))"", ""prior_art_search(patent_filing_quill_6)"", ""¬claims_draft(patent_filing_quill_6)""]","[0, 1, 2]","{""type"": ""fol"", ""steps"": [""Rule: ∀x ((prior_art_search(x) ∧ claims_draft(x)) → can_proceed_to_examination(x))"", ""Fact: prior_art_search(patent_filing_quill_6)"", ""Fact: ¬claims_draft(patent_filing_quill_6)"", ""Derive: ¬claims_draft(patent_filing_quill_6) makes the antecedent false ⟹ can_proceed_to_examination(patent_filing_quill_6) not derivable"", ""Conclusion: ¬can_proceed_to_examination(patent_filing_quill_6) ⟹ No""]}",dev
SYN_patent_fil_NO_CONTRA,0,3,Do the premises establish that patent filing Quill-6 should proceed to examination?,"[""If a filing has a prior-art search, then it requires a formalities review."", ""If a filing requires a formalities review, then it should not proceed to examination without review."", ""Patent filing Quill-6 has a prior-art search.""]","[""Yes"", ""No"", ""Uncertain""]",No,No,"By premise 2 (patent filing Quill-6 has a prior-art search) and premise 0, patent filing Quill-6 requires a formalities review. Premise 1 then states patent filing Quill-6 should not proceed to examination without review. Therefore the premises do not establish that patent filing Quill-6 should proceed to examination; the answer is No.","[""∀x (prior_art_search(x) → requires_formalities_review(x))"", ""∀x (requires_formalities_review(x) → ¬(can_proceed_to_examination(x) ∧ ¬reviewed(x)))"", ""prior_art_search(patent_filing_quill_6)""]","[0, 1, 2]","{""type"": ""fol"", ""steps"": [""Rule: ∀x (prior_art_search(x) → requires_formalities_review(x))"", ""Rule: ∀x (requires_formalities_review(x) → ¬(can_proceed_to_examination(x) ∧ ¬reviewed(x)))"", ""Fact: prior_art_search(patent_filing_quill_6)"", ""Derive: prior_art_search(patent_filing_quill_6) ⟹ requires_formalities_review(patent_filing_quill_6) [modus ponens]"", ""Derive: requires_formalities_review(patent_filing_quill_6) ⟹ ¬(can_proceed_to_examination(patent_filing_quill_6) ∧ ¬reviewed(patent_filing_quill_6)) [modus ponens]"", ""Conclusion: the premises do not establish can_proceed_to_examination(patent_filing_quill_6) ⟹ No""]}",dev
SYN_patent_fil_NO_COUNTER,0,1,Are all filings examiner-ready?,"[""Every filing has a prior-art search."", ""There exists a filing that is not examiner-ready."", ""If a filing has a prior-art search and a claims draft, then it is examiner-ready.""]","[""Yes"", ""No"", ""Uncertain""]",No,No,Premise 1 states there exists a filing that is not examiner-ready. This is a direct counterexample to the claim that all filings are examiner-ready; the answer is No.,"[""∀x prior_art_search(x)"", ""∃x ¬examiner_ready(x)"", ""∀x ((prior_art_search(x) ∧ claims_draft(x)) → examiner_ready(x))""]",[1],"{""type"": ""fol"", ""steps"": [""Fact: ∃x ¬examiner_ready(x)"", ""Derive: a filing that is not examiner_ready exists ⟹ ¬∀x examiner_ready(x)"", ""Conclusion: not all filings are examiner_ready ⟹ No""]}",dev
